Wort,Schwierigkeit,Thema,Lernstatus,Beispielsatz
die Mama,leicht,Wir leben zusammen,neu,-,
der Papa,leicht,Wir leben zusammen,neu,-,
und,leicht,Wir leben zusammen,neu,-,
der Bruder,leicht,Wir leben zusammen,neu,-,
die Schwester,leicht,Wir leben zusammen,neu,-,
der Name,leicht,Wir leben zusammen,neu,-,
gernhaben,leicht,Wir leben zusammen,neu,-,
wollen,leicht,Wir leben zusammen,neu,-,
teilen,leicht,Wir leben zusammen,neu,-,
helfen,leicht,Wir leben zusammen,neu,-,
ärgern,leicht,Wir leben zusammen,neu,-,
das Haus,leicht,Wir leben zusammen,neu,-,
nach Hause,leicht,Wir leben zusammen,neu,-,
dürfen,leicht,Wir leben zusammen,neu,-,
ich,leicht,Wir leben zusammen,neu,-,
du,leicht,Wir leben zusammen,neu,-,
mein,leicht,Wir leben zusammen,neu,-,
der Vater,mittel,Wir leben zusammen,neu,-,
die Mutter,mittel,Wir leben zusammen,neu,-,
die Eltern,mittel,Wir leben zusammen,neu,-,
die Familie,mittel,Wir leben zusammen,neu,-,
der Zwilling,mittel,Wir leben zusammen,neu,-,
sich lieben,mittel,Wir leben zusammen,neu,-,
sich vertragen,mittel,Wir leben zusammen,neu,-,
geben,mittel,Wir leben zusammen,neu,-,
lassen,mittel,Wir leben zusammen,neu,-,
erlauben,mittel,Wir leben zusammen,neu,-,
verbieten,mittel,Wir leben zusammen,neu,-,
loben,mittel,Wir leben zusammen,neu,-,
schimpfen,mittel,Wir leben zusammen,neu,-,
sich streiten,mittel,Wir leben zusammen,neu,-,
zanken,mittel,Wir leben zusammen,neu,-,
zusammen,mittel,Wir leben zusammen,neu,-,
dein,mittel,Wir leben zusammen,neu,-,
der Vorname,schwer,Wir leben zusammen,neu,-,
der Nachname,schwer,Wir leben zusammen,neu,-,
heißen,schwer,Wir leben zusammen,neu,-,
kommen aus,schwer,Wir leben zusammen,neu,-,
zusammenleben,schwer,Wir leben zusammen,neu,-,
der Streit,schwer,Wir leben zusammen,neu,-,
sich trennen,schwer,Wir leben zusammen,neu,-,
sich scheiden lassen,schwer,Wir leben zusammen,neu,-,
vermissen,schwer,Wir leben zusammen,neu,-,
das Taschengeld,schwer,Wir leben zusammen,neu,-,
besprechen,schwer,Wir leben zusammen,neu,-,
gerecht,schwer,Wir leben zusammen,neu,-,
ungerecht,schwer,Wir leben zusammen,neu,-,
bestimmen,schwer,Wir leben zusammen,neu,-,
sollen,schwer,Wir leben zusammen,neu,-,
die Oma,leicht,Meine Verwandten,neu,-,
der Opa,leicht,Meine Verwandten,neu,-,
die Tante,leicht,Meine Verwandten,neu,-,
der Onkel,leicht,Meine Verwandten,neu,-,
besuchen,leicht,Meine Verwandten,neu,-,
alle,leicht,Meine Verwandten,neu,-,
erzählen,leicht,Meine Verwandten,neu,-,
fragen,leicht,Meine Verwandten,neu,-,
jung,leicht,Meine Verwandten,neu,-,
alt,leicht,Meine Verwandten,neu,-,
der Großvater,mittel,Meine Verwandten,neu,-,
die Großmutter,mittel,Meine Verwandten,neu,-,
der Gast,mittel,Meine Verwandten,neu,-,
der Besuch,mittel,Meine Verwandten,neu,-,
kommen,mittel,Meine Verwandten,neu,-,
bleiben,mittel,Meine Verwandten,neu,-,
freundlich,mittel,Meine Verwandten,neu,-,
sich erinnern,mittel,Meine Verwandten,neu,-,
verwandt,mittel,Meine Verwandten,neu,-,
dazugehören,mittel,Meine Verwandten,neu,-,
weit weg,mittel,Meine Verwandten,neu,-,
jünger,mittel,Meine Verwandten,neu,-,
älter,mittel,Meine Verwandten,neu,-,
der/die Verwandte,schwer,Meine Verwandten,neu,-,
sich ähneln,schwer,Meine Verwandten,neu,-,
der Familienname,schwer,Meine Verwandten,neu,-,
die Großeltern,schwer,Meine Verwandten,neu,-,
die Geschwister,schwer,Meine Verwandten,neu,-,
das Einzelkind,schwer,Meine Verwandten,neu,-,
der Cousin,schwer,Meine Verwandten,neu,-,
die Cousine,schwer,Meine Verwandten,neu,-,
der Neffe,schwer,Meine Verwandten,neu,-,
die Nichte,schwer,Meine Verwandten,neu,-,
der Sohn,schwer,Meine Verwandten,neu,-,
die Tochter,schwer,Meine Verwandten,neu,-,
der Enkel,schwer,Meine Verwandten,neu,-,
die Enkelin,schwer,Meine Verwandten,neu,-,
die Waise,schwer,Meine Verwandten,neu,-,
das Adoptivkind,schwer,Meine Verwandten,neu,-,
die Ehe,schwer,Meine Verwandten,neu,-,
das Ehepaar,schwer,Meine Verwandten,neu,-,
die Witwe,schwer,Meine Verwandten,neu,-,
verheiratet,schwer,Meine Verwandten,neu,-,
geschieden,schwer,Meine Verwandten,neu,-,
alleinerziehend,schwer,Meine Verwandten,neu,-,
erben,schwer,Meine Verwandten,neu,-,
das Alter,schwer,Meine Verwandten,neu,-,
am jüngsten,schwer,Meine Verwandten,neu,-,
am ältesten,schwer,Meine Verwandten,neu,-,
streicheln,leicht,Ein neuer Mensch,neu,-,
das Baby,leicht,Ein neuer Mensch,neu,-,
brauchen,leicht,Ein neuer Mensch,neu,-,
der Schnuller,leicht,Ein neuer Mensch,neu,-,
die Windel,leicht,Ein neuer Mensch,neu,-,
die Wiege,leicht,Ein neuer Mensch,neu,-,
weinen,leicht,Ein neuer Mensch,neu,-,
schlafen,leicht,Ein neuer Mensch,neu,-,
leise sein,leicht,Ein neuer Mensch,neu,-,
der Kinderwagen,leicht,Ein neuer Mensch,neu,-,
der Brei,leicht,Ein neuer Mensch,neu,-,
füttern,leicht,Ein neuer Mensch,neu,-,
verlieben,mittel,Ein neuer Mensch,neu,-,
schmusen,mittel,Ein neuer Mensch,neu,-,
kuscheln,mittel,Ein neuer Mensch,neu,-,
umarmen,mittel,Ein neuer Mensch,neu,-,
sich vertrauen,mittel,Ein neuer Mensch,neu,-,
miteinander schlafen,mittel,Ein neuer Mensch,neu,-,
die Scheide,mittel,Ein neuer Mensch,neu,-,
das Glied,mittel,Ein neuer Mensch,neu,-,
der Hoden,mittel,Ein neuer Mensch,neu,-,
ein Baby kriegen,mittel,Ein neuer Mensch,neu,-,
geboren werden,mittel,Ein neuer Mensch,neu,-,
saugen,mittel,Ein neuer Mensch,neu,-,
die Brust geben,mittel,Ein neuer Mensch,neu,-,
die Flasche geben,mittel,Ein neuer Mensch,neu,-,
der Wickeltisch,mittel,Ein neuer Mensch,neu,-,
die Windel wechseln,mittel,Ein neuer Mensch,neu,-,
der Babysitter,mittel,Ein neuer Mensch,neu,-,
sorgen für,mittel,Ein neuer Mensch,neu,-,
zufrieden,mittel,Ein neuer Mensch,neu,-,
das Paar,schwer,Ein neuer Mensch,neu,-,
erwachsen,schwer,Ein neuer Mensch,neu,-,
weiblich,schwer,Ein neuer Mensch,neu,-,
männlich,schwer,Ein neuer Mensch,neu,-,
zärtlich,schwer,Ein neuer Mensch,neu,-,
Sex haben,schwer,Ein neuer Mensch,neu,-,
schwanger,schwer,Ein neuer Mensch,neu,-,
der Samen,schwer,Ein neuer Mensch,neu,-,
die Eizelle,schwer,Ein neuer Mensch,neu,-,
das Ultraschallbild,schwer,Ein neuer Mensch,neu,-,
ein Baby bekommen,schwer,Ein neuer Mensch,neu,-,
die Geburt,schwer,Ein neuer Mensch,neu,-,
winzig,schwer,Ein neuer Mensch,neu,-,
der Säugling,schwer,Ein neuer Mensch,neu,-,
nennen,schwer,Ein neuer Mensch,neu,-,
versorgen,schwer,Ein neuer Mensch,neu,-,
die Muttermilch,schwer,Ein neuer Mensch,neu,-,
die Brustwarze,schwer,Ein neuer Mensch,neu,-,
stillen,schwer,Ein neuer Mensch,neu,-,
der Geburtstag,leicht,Feste feiern,neu,-,
die Kerze,leicht,Feste feiern,neu,-,
wünschen,leicht,Feste feiern,neu,-,
schenken,leicht,Feste feiern,neu,-,
mitbringen,leicht,Feste feiern,neu,-,
Weihnachten,leicht,Feste feiern,neu,-,
der Weihnachtsbaum,leicht,Feste feiern,neu,-,
der Weihnachtsmann,leicht,Feste feiern,neu,-,
das Christkind,leicht,Feste feiern,neu,-,
der Nikolaus,leicht,Feste feiern,neu,-,
Ostern,leicht,Feste feiern,neu,-,
der Osterhase,leicht,Feste feiern,neu,-,
das Osterei,leicht,Feste feiern,neu,-,
der Fasching,leicht,Feste feiern,neu,-,
der Luftballon,leicht,Feste feiern,neu,-,
das Fest,mittel,Feste feiern,neu,-,
der Wunsch,mittel,Feste feiern,neu,-,
der Wunschzettel,mittel,Feste feiern,neu,-,
das Geschenk,mittel,Feste feiern,neu,-,
der Adventskalender,mittel,Feste feiern,neu,-,
der Heiligabend,mittel,Feste feiern,neu,-,
schmücken,mittel,Feste feiern,neu,-,
das Silvester,mittel,Feste feiern,neu,-,
der Muttertag,mittel,Feste feiern,neu,-,
heiraten,mittel,Feste feiern,neu,-,
die Hochzeit,mittel,Feste feiern,neu,-,
die Torte,mittel,Feste feiern,neu,-,
einladen,mittel,Feste feiern,neu,-,
gemeinsam,mittel,Feste feiern,neu,-,
immer,mittel,Feste feiern,neu,-,
die Feier,schwer,Feste feiern,neu,-,
feiern,schwer,Feste feiern,neu,-,
die Braut,schwer,Feste feiern,neu,-,
der Bräutigam,schwer,Feste feiern,neu,-,
das Hochzeitskleid,schwer,Feste feiern,neu,-,
sich unterhalten,schwer,Feste feiern,neu,-,
begrüßen,schwer,Feste feiern,neu,-,
verabschieden,schwer,Feste feiern,neu,-,
taufen,schwer,Feste feiern,neu,-,
die Taufe,schwer,Feste feiern,neu,-,
das Taufkleid,schwer,Feste feiern,neu,-,
glauben,schwer,Feste feiern,neu,-,
der Ramadan,schwer,Feste feiern,neu,-,
das Zuckerfest,schwer,Feste feiern,neu,-,
der Sabbat,schwer,Feste feiern,neu,-,
die Beschneidung,schwer,Feste feiern,neu,-,
beschneiden,schwer,Feste feiern,neu,-,
jeder-jede-jedes,schwer,Feste feiern,neu,-,
der Kopf,leicht,Was mein Körper alles kann 1,neu,-,
der Mund,leicht,Was mein Körper alles kann 1,neu,-,
sagen,leicht,Was mein Körper alles kann 1,neu,-,
essen,leicht,Was mein Körper alles kann 1,neu,-,
singen,leicht,Was mein Körper alles kann 1,neu,-,
der Zahn,leicht,Was mein Körper alles kann 1,neu,-,
beißen,leicht,Was mein Körper alles kann 1,neu,-,
der Arm,leicht,Was mein Körper alles kann 1,neu,-,
die Hand,leicht,Was mein Körper alles kann 1,neu,-,
anfassen,leicht,Was mein Körper alles kann 1,neu,-,
klatschen,leicht,Was mein Körper alles kann 1,neu,-,
der Finger,leicht,Was mein Körper alles kann 1,neu,-,
zeigen,leicht,Was mein Körper alles kann 1,neu,-,
der Körper,mittel,Was mein Körper alles kann 1,neu,-,
nackt,mittel,Was mein Körper alles kann 1,neu,-,
die Stirn,mittel,Was mein Körper alles kann 1,neu,-,
die Wimper,mittel,Was mein Körper alles kann 1,neu,-,
die Wange,mittel,Was mein Körper alles kann 1,neu,-,
schreien,mittel,Was mein Körper alles kann 1,neu,-,
flüstern,mittel,Was mein Körper alles kann 1,neu,-,
lecken,mittel,Was mein Körper alles kann 1,neu,-,
kauen,mittel,Was mein Körper alles kann 1,neu,-,
schlucken,mittel,Was mein Körper alles kann 1,neu,-,
die Spucke,mittel,Was mein Körper alles kann 1,neu,-,
spucken,mittel,Was mein Körper alles kann 1,neu,-,
der Hals,mittel,Was mein Körper alles kann 1,neu,-,
die Schulter,mittel,Was mein Körper alles kann 1,neu,-,
die Faust,mittel,Was mein Körper alles kann 1,neu,-,
der Zeigefinger,mittel,Was mein Körper alles kann 1,neu,-,
der Daumen,mittel,Was mein Körper alles kann 1,neu,-,
greifen,mittel,Was mein Körper alles kann 1,neu,-,
das Augenlid,schwer,Was mein Körper alles kann 1,neu,-,
blinzeln,schwer,Was mein Körper alles kann 1,neu,-,
die Augenbraue,schwer,Was mein Körper alles kann 1,neu,-,
das Ohrläppchen,schwer,Was mein Körper alles kann 1,neu,-,
die Lippe,schwer,Was mein Körper alles kann 1,neu,-,
sprechen,schwer,Was mein Körper alles kann 1,neu,-,
murmeln,schwer,Was mein Körper alles kann 1,neu,-,
küssen,schwer,Was mein Körper alles kann 1,neu,-,
der Milchzahn,schwer,Was mein Körper alles kann 1,neu,-,
das Gebiss,schwer,Was mein Körper alles kann 1,neu,-,
das Kinn,schwer,Was mein Körper alles kann 1,neu,-,
nicken,schwer,Was mein Körper alles kann 1,neu,-,
der Nacken,schwer,Was mein Körper alles kann 1,neu,-,
der Oberarm,schwer,Was mein Körper alles kann 1,neu,-,
der Unterarm,schwer,Was mein Körper alles kann 1,neu,-,
der Ellbogen,schwer,Was mein Körper alles kann 1,neu,-,
der Mittelfinger,schwer,Was mein Körper alles kann 1,neu,-,
der Ringfinger,schwer,Was mein Körper alles kann 1,neu,-,
der kleine Finger,schwer,Was mein Körper alles kann 1,neu,-,
der Fingernagel,schwer,Was mein Körper alles kann 1,neu,-,
die Fingerspitze,schwer,Was mein Körper alles kann 1,neu,-,
der Bauch,leicht,Was mein Körper alles kann 2,neu,-,
der Po,leicht,Was mein Körper alles kann 2,neu,-,
sitzen,leicht,Was mein Körper alles kann 2,neu,-,
sich setzen,leicht,Was mein Körper alles kann 2,neu,-,
pinkeln,leicht,Was mein Körper alles kann 2,neu,-,
groß machen,leicht,Was mein Körper alles kann 2,neu,-,
das Bein,leicht,Was mein Körper alles kann 2,neu,-,
gehen,leicht,Was mein Körper alles kann 2,neu,-,
laufen,leicht,Was mein Körper alles kann 2,neu,-,
der Fuß,leicht,Was mein Körper alles kann 2,neu,-,
stehen,leicht,Was mein Körper alles kann 2,neu,-,
stellen,leicht,Was mein Körper alles kann 2,neu,-,
tun,leicht,Was mein Körper alles kann 2,neu,-,
in,leicht,Was mein Körper alles kann 2,neu,-,
auf,leicht,Was mein Körper alles kann 2,neu,-,
mit,leicht,Was mein Körper alles kann 2,neu,-,
träumen,mittel,Was mein Körper alles kann 2,neu,-,
wach,mittel,Was mein Körper alles kann 2,neu,-,
die Brust,mittel,Was mein Körper alles kann 2,neu,-,
Luft holen,mittel,Was mein Körper alles kann 2,neu,-,
der Rücken,mittel,Was mein Körper alles kann 2,neu,-,
liegen,mittel,Was mein Körper alles kann 2,neu,-,
die Pobacke,mittel,Was mein Körper alles kann 2,neu,-,
das Knie,mittel,Was mein Körper alles kann 2,neu,-,
beugen,mittel,Was mein Körper alles kann 2,neu,-,
springen,mittel,Was mein Körper alles kann 2,neu,-,
hüpfen,mittel,Was mein Körper alles kann 2,neu,-,
klettern,mittel,Was mein Körper alles kann 2,neu,-,
der Zeh/die Zehe,mittel,Was mein Körper alles kann 2,neu,-,
der Schlaf,schwer,Was mein Körper alles kann 2,neu,-,
der Traum,schwer,Was mein Körper alles kann 2,neu,-,
der Bauchnabel,schwer,Was mein Körper alles kann 2,neu,-,
der Oberschenkel,schwer,Was mein Körper alles kann 2,neu,-,
der Unterschenkel,schwer,Was mein Körper alles kann 2,neu,-,
die Wade,schwer,Was mein Körper alles kann 2,neu,-,
das Schienbein,schwer,Was mein Körper alles kann 2,neu,-,
der Fußknöchel,schwer,Was mein Körper alles kann 2,neu,-,
die Ferse,schwer,Was mein Körper alles kann 2,neu,-,
die Fußsohle,schwer,Was mein Körper alles kann 2,neu,-,
das Gehirn,schwer,Was mein Körper alles kann 2,neu,-,
denken,schwer,Was mein Körper alles kann 2,neu,-,
nachdenken,schwer,Was mein Körper alles kann 2,neu,-,
überlegen,schwer,Was mein Körper alles kann 2,neu,-,
vergessen,schwer,Was mein Körper alles kann 2,neu,-,
behalten,schwer,Was mein Körper alles kann 2,neu,-,
der Knochen,schwer,Was mein Körper alles kann 2,neu,-,
das Gelenk,schwer,Was mein Körper alles kann 2,neu,-,
das Skelett,schwer,Was mein Körper alles kann 2,neu,-,
der Muskel,schwer,Was mein Körper alles kann 2,neu,-,
das Herz,schwer,Was mein Körper alles kann 2,neu,-,
klopfen,schwer,Was mein Körper alles kann 2,neu,-,
die Ader,schwer,Was mein Körper alles kann 2,neu,-,
das Auge,leicht,Unsere Sinne,neu,-,
sehen,leicht,Unsere Sinne,neu,-,
gucken,leicht,Unsere Sinne,neu,-,
schauen,leicht,Unsere Sinne,neu,-,
die Nase,leicht,Unsere Sinne,neu,-,
riechen,leicht,Unsere Sinne,neu,-,
stinken,leicht,Unsere Sinne,neu,-,
das Ohr,leicht,Unsere Sinne,neu,-,
hören,leicht,Unsere Sinne,neu,-,
laut,leicht,Unsere Sinne,neu,-,
leise,leicht,Unsere Sinne,neu,-,
schmecken,leicht,Unsere Sinne,neu,-,
süß,leicht,Unsere Sinne,neu,-,
sauer,leicht,Unsere Sinne,neu,-,
heiß,leicht,Unsere Sinne,neu,-,
warm,leicht,Unsere Sinne,neu,-,
kalt,leicht,Unsere Sinne,neu,-,
angucken,mittel,Unsere Sinne,neu,-,
hell,mittel,Unsere Sinne,neu,-,
dunkel,mittel,Unsere Sinne,neu,-,
bunt,mittel,Unsere Sinne,neu,-,
die Zunge,mittel,Unsere Sinne,neu,-,
probieren,mittel,Unsere Sinne,neu,-,
salzig,mittel,Unsere Sinne,neu,-,
bitter,mittel,Unsere Sinne,neu,-,
die Haut,mittel,Unsere Sinne,neu,-,
fühlen,mittel,Unsere Sinne,neu,-,
merken,mittel,Unsere Sinne,neu,-,
oder,mittel,Unsere Sinne,neu,-,
ansehen,schwer,Unsere Sinne,neu,-,
blicken,schwer,Unsere Sinne,neu,-,
beobachten,schwer,Unsere Sinne,neu,-,
empfinden,schwer,Unsere Sinne,neu,-,
das Licht,schwer,Unsere Sinne,neu,-,
die Dunkelheit,schwer,Unsere Sinne,neu,-,
blind,schwer,Unsere Sinne,neu,-,
die Farbe,schwer,Unsere Sinne,neu,-,
der Geruch,schwer,Unsere Sinne,neu,-,
der Duft,schwer,Unsere Sinne,neu,-,
duften,schwer,Unsere Sinne,neu,-,
der Gestank,schwer,Unsere Sinne,neu,-,
das Geräusch,schwer,Unsere Sinne,neu,-,
der Ton,schwer,Unsere Sinne,neu,-,
der Krach,schwer,Unsere Sinne,neu,-,
die Stille,schwer,Unsere Sinne,neu,-,
lauschen,schwer,Unsere Sinne,neu,-,
taub,schwer,Unsere Sinne,neu,-,
der Geschmack,schwer,Unsere Sinne,neu,-,
tasten,schwer,Unsere Sinne,neu,-,
glatt,schwer,Unsere Sinne,neu,-,
rau,schwer,Unsere Sinne,neu,-,
das Kind,leicht,Die Menschen sind verschieden,neu,-,
schön,leicht,Die Menschen sind verschieden,neu,-,
das Haar,leicht,Die Menschen sind verschieden,neu,-,
groß,leicht,Die Menschen sind verschieden,neu,-,
klein,leicht,Die Menschen sind verschieden,neu,-,
werden,leicht,Die Menschen sind verschieden,neu,-,
anders,leicht,Die Menschen sind verschieden,neu,-,
lang,leicht,Die Menschen sind verschieden,neu,-,
kurz,leicht,Die Menschen sind verschieden,neu,-,
lieb,leicht,Die Menschen sind verschieden,neu,-,
böse,leicht,Die Menschen sind verschieden,neu,-,
ich bin,leicht,Die Menschen sind verschieden,neu,-,
du bist,leicht,Die Menschen sind verschieden,neu,-,
er ist,leicht,Die Menschen sind verschieden,neu,-,
nicht,leicht,Die Menschen sind verschieden,neu,-,
das Mädchen,mittel,Die Menschen sind verschieden,neu,-,
der Junge,mittel,Die Menschen sind verschieden,neu,-,
die Frau,mittel,Die Menschen sind verschieden,neu,-,
der Mann,mittel,Die Menschen sind verschieden,neu,-,
das Gesicht,mittel,Die Menschen sind verschieden,neu,-,
aussehen,mittel,Die Menschen sind verschieden,neu,-,
die Locke,mittel,Die Menschen sind verschieden,neu,-,
der Bart,mittel,Die Menschen sind verschieden,neu,-,
wachsen,mittel,Die Menschen sind verschieden,neu,-,
dick,mittel,Die Menschen sind verschieden,neu,-,
dünn,mittel,Die Menschen sind verschieden,neu,-,
gleich,mittel,Die Menschen sind verschieden,neu,-,
stark,mittel,Die Menschen sind verschieden,neu,-,
schwach,mittel,Die Menschen sind verschieden,neu,-,
wir sind,mittel,Die Menschen sind verschieden,neu,-,
ihr seid,mittel,Die Menschen sind verschieden,neu,-,
sie sind,mittel,Die Menschen sind verschieden,neu,-,
die Haarfarbe,schwer,Die Menschen sind verschieden,neu,-,
blond,schwer,Die Menschen sind verschieden,neu,-,
dunkelhaarig,schwer,Die Menschen sind verschieden,neu,-,
schwarz,schwer,Die Menschen sind verschieden,neu,-,
kraus,schwer,Die Menschen sind verschieden,neu,-,
lockig,schwer,Die Menschen sind verschieden,neu,-,
die Augenfarbe,schwer,Die Menschen sind verschieden,neu,-,
die Hautfarbe,schwer,Die Menschen sind verschieden,neu,-,
blass,schwer,Die Menschen sind verschieden,neu,-,
hellhäutig,schwer,Die Menschen sind verschieden,neu,-,
dunkelhäutig,schwer,Die Menschen sind verschieden,neu,-,
der/die Erwachsene,schwer,Die Menschen sind verschieden,neu,-,
der Busen,schwer,Die Menschen sind verschieden,neu,-,
der Unterschied,schwer,Die Menschen sind verschieden,neu,-,
die Sprache,schwer,Die Menschen sind verschieden,neu,-,
die Größe,schwer,Die Menschen sind verschieden,neu,-,
das Gewicht,schwer,Die Menschen sind verschieden,neu,-,
ähnlich,schwer,Die Menschen sind verschieden,neu,-,
verschieden,schwer,Die Menschen sind verschieden,neu,-,
anders als,schwer,Die Menschen sind verschieden,neu,-,
schlank,schwer,Die Menschen sind verschieden,neu,-,
lachen,leicht,Lieben - lachen - traurig sein,neu,-,
lieb haben,leicht,Lieben - lachen - traurig sein,neu,-,
mögen,leicht,Lieben - lachen - traurig sein,neu,-,
auch,leicht,Lieben - lachen - traurig sein,neu,-,
der Freund,leicht,Lieben - lachen - traurig sein,neu,-,
die Freundin,leicht,Lieben - lachen - traurig sein,neu,-,
aber,leicht,Lieben - lachen - traurig sein,neu,-,
die Angst,leicht,Lieben - lachen - traurig sein,neu,-,
Angst haben,leicht,Lieben - lachen - traurig sein,neu,-,
traurig,leicht,Lieben - lachen - traurig sein,neu,-,
lieben,mittel,Lieben - lachen - traurig sein,neu,-,
der Spaß,mittel,Lieben - lachen - traurig sein,neu,-,
lustig,mittel,Lieben - lachen - traurig sein,neu,-,
glücklich,mittel,Lieben - lachen - traurig sein,neu,-,
sich freuen,mittel,Lieben - lachen - traurig sein,neu,-,
nett,mittel,Lieben - lachen - traurig sein,neu,-,
sich erschrecken,mittel,Lieben - lachen - traurig sein,neu,-,
wütend sein,mittel,Lieben - lachen - traurig sein,neu,-,
langweilig,mittel,Lieben - lachen - traurig sein,neu,-,
sich langweilen,mittel,Lieben - lachen - traurig sein,neu,-,
sich schämen,mittel,Lieben - lachen - traurig sein,neu,-,
trösten,mittel,Lieben - lachen - traurig sein,neu,-,
allein sein,mittel,Lieben - lachen - traurig sein,neu,-,
das Gefühl,schwer,Lieben - lachen - traurig sein,neu,-,
sich fühlen,schwer,Lieben - lachen - traurig sein,neu,-,
die Freude,schwer,Lieben - lachen - traurig sein,neu,-,
das Glück,schwer,Lieben - lachen - traurig sein,neu,-,
fröhlich,schwer,Lieben - lachen - traurig sein,neu,-,
die Liebe,schwer,Lieben - lachen - traurig sein,neu,-,
die Freundschaft,schwer,Lieben - lachen - traurig sein,neu,-,
Lust haben,schwer,Lieben - lachen - traurig sein,neu,-,
mutig,schwer,Lieben - lachen - traurig sein,neu,-,
der Mut,schwer,Lieben - lachen - traurig sein,neu,-,
der Ärger,schwer,Lieben - lachen - traurig sein,neu,-,
sich ärgern,schwer,Lieben - lachen - traurig sein,neu,-,
die Wut,schwer,Lieben - lachen - traurig sein,neu,-,
beleidigt sein,schwer,Lieben - lachen - traurig sein,neu,-,
hassen,schwer,Lieben - lachen - traurig sein,neu,-,
neidisch,schwer,Lieben - lachen - traurig sein,neu,-,
der Schreck,schwer,Lieben - lachen - traurig sein,neu,-,
die Langeweile,schwer,Lieben - lachen - traurig sein,neu,-,
interessant,schwer,Lieben - lachen - traurig sein,neu,-,
gefallen,schwer,Lieben - lachen - traurig sein,neu,-,
verlegen sein,schwer,Lieben - lachen - traurig sein,neu,-,
der Trost,schwer,Lieben - lachen - traurig sein,neu,-,
die Trauer,schwer,Lieben - lachen - traurig sein,neu,-,
die Träne,schwer,Lieben - lachen - traurig sein,neu,-,
ängstlich,schwer,Lieben - lachen - traurig sein,neu,-,
einsam,schwer,Lieben - lachen - traurig sein,neu,-,
wehtun,leicht,Wenn ich krank bin,neu,-,
hinfallen,leicht,Wenn ich krank bin,neu,-,
das Pflaster,leicht,Wenn ich krank bin,neu,-,
Mir ist schlecht.,leicht,Wenn ich krank bin,neu,-,
krank,leicht,Wenn ich krank bin,neu,-,
schwitzen,leicht,Wenn ich krank bin,neu,-,
frieren,leicht,Wenn ich krank bin,neu,-,
husten,leicht,Wenn ich krank bin,neu,-,
müde,leicht,Wenn ich krank bin,neu,-,
die Medizin,leicht,Wenn ich krank bin,neu,-,
das Blut,mittel,Wenn ich krank bin,neu,-,
das Loch,mittel,Wenn ich krank bin,neu,-,
die Beule,mittel,Wenn ich krank bin,neu,-,
die Bauchschmerzen,mittel,Wenn ich krank bin,neu,-,
brechen,mittel,Wenn ich krank bin,neu,-,
das Fieber,mittel,Wenn ich krank bin,neu,-,
sich anstecken,mittel,Wenn ich krank bin,neu,-,
sich erkälten,mittel,Wenn ich krank bin,neu,-,
niesen,mittel,Wenn ich krank bin,neu,-,
der Schnupfen,mittel,Wenn ich krank bin,neu,-,
der Husten,mittel,Wenn ich krank bin,neu,-,
der Hustensaft,mittel,Wenn ich krank bin,neu,-,
die Wärmflasche,mittel,Wenn ich krank bin,neu,-,
die Ärztin,mittel,Wenn ich krank bin,neu,-,
der Zahnarzt,mittel,Wenn ich krank bin,neu,-,
der Kinderarzt,mittel,Wenn ich krank bin,neu,-,
untersuchen,mittel,Wenn ich krank bin,neu,-,
das Wartezimmer,mittel,Wenn ich krank bin,neu,-,
die Salbe,mittel,Wenn ich krank bin,neu,-,
das Zäpfchen,mittel,Wenn ich krank bin,neu,-,
die Tablette,mittel,Wenn ich krank bin,neu,-,
impfen,mittel,Wenn ich krank bin,neu,-,
die Spritze,mittel,Wenn ich krank bin,neu,-,
der Stich,mittel,Wenn ich krank bin,neu,-,
kratzen,mittel,Wenn ich krank bin,neu,-,
gesund werden,mittel,Wenn ich krank bin,neu,-,
bluten,schwer,Wenn ich krank bin,neu,-,
blutig,schwer,Wenn ich krank bin,neu,-,
der Schmerz,schwer,Wenn ich krank bin,neu,-,
die Verletzung,schwer,Wenn ich krank bin,neu,-,
verstauchen,schwer,Wenn ich krank bin,neu,-,
die Wunde,schwer,Wenn ich krank bin,neu,-,
verbinden,schwer,Wenn ich krank bin,neu,-,
der Schorf,schwer,Wenn ich krank bin,neu,-,
jucken,schwer,Wenn ich krank bin,neu,-,
die Narbe,schwer,Wenn ich krank bin,neu,-,
die Krankheit,schwer,Wenn ich krank bin,neu,-,
der Durchfall,schwer,Wenn ich krank bin,neu,-,
die Erkältung,schwer,Wenn ich krank bin,neu,-,
das Fieberthermometer,schwer,Wenn ich krank bin,neu,-,
heiser,schwer,Wenn ich krank bin,neu,-,
zittern,schwer,Wenn ich krank bin,neu,-,
die Zahnbürste,leicht,Im Badezimmer,neu,-,
die Zahnpasta,leicht,Im Badezimmer,neu,-,
der Zahnputzbecher,leicht,Im Badezimmer,neu,-,
die Zähne putzen,leicht,Im Badezimmer,neu,-,
spülen,leicht,Im Badezimmer,neu,-,
die Seife,leicht,Im Badezimmer,neu,-,
waschen,leicht,Im Badezimmer,neu,-,
baden,leicht,Im Badezimmer,neu,-,
sauber,leicht,Im Badezimmer,neu,-,
schmutzig,leicht,Im Badezimmer,neu,-,
der Waschlappen,leicht,Im Badezimmer,neu,-,
der Schwamm,leicht,Im Badezimmer,neu,-,
das Handtuch,leicht,Im Badezimmer,neu,-,
trocken,leicht,Im Badezimmer,neu,-,
nass,leicht,Im Badezimmer,neu,-,
kämmen,leicht,Im Badezimmer,neu,-,
das Klo,leicht,Im Badezimmer,neu,-,
müssen,leicht,Im Badezimmer,neu,-,
abwischen,leicht,Im Badezimmer,neu,-,
die Nägel schneiden,leicht,Im Badezimmer,neu,-,
duschen,mittel,Im Badezimmer,neu,-,
die Dusche,mittel,Im Badezimmer,neu,-,
die Badewanne,mittel,Im Badezimmer,neu,-,
abtrocknen,mittel,Im Badezimmer,neu,-,
die Creme,mittel,Im Badezimmer,neu,-,
eincremen,mittel,Im Badezimmer,neu,-,
das Öl,mittel,Im Badezimmer,neu,-,
das Shampoo,mittel,Im Badezimmer,neu,-,
ausspülen,mittel,Im Badezimmer,neu,-,
der Föhn,mittel,Im Badezimmer,neu,-,
die Bürste,mittel,Im Badezimmer,neu,-,
bürsten,mittel,Im Badezimmer,neu,-,
der Kamm,mittel,Im Badezimmer,neu,-,
die Toilette,mittel,Im Badezimmer,neu,-,
die Brille,mittel,Im Badezimmer,neu,-,
gern,mittel,Im Badezimmer,neu,-,
schon,mittel,Im Badezimmer,neu,-,
oft,mittel,Im Badezimmer,neu,-,
die Karies,schwer,Im Badezimmer,neu,-,
das Badetuch,schwer,Im Badezimmer,neu,-,
das Toilettenpapier,schwer,Im Badezimmer,neu,-,
das Taschentuch,schwer,Im Badezimmer,neu,-,
die Nagelschere,schwer,Im Badezimmer,neu,-,
lecker,leicht,Frühstück und Abendessen,neu,-,
das Brot,leicht,Frühstück und Abendessen,neu,-,
das Brötchen,leicht,Frühstück und Abendessen,neu,-,
die Butter,leicht,Frühstück und Abendessen,neu,-,
die Marmelade,leicht,Frühstück und Abendessen,neu,-,
der Honig,leicht,Frühstück und Abendessen,neu,-,
das Ei,leicht,Frühstück und Abendessen,neu,-,
die Wurst,leicht,Frühstück und Abendessen,neu,-,
der Käse,leicht,Frühstück und Abendessen,neu,-,
der Salat,leicht,Frühstück und Abendessen,neu,-,
die Cornflakes,leicht,Frühstück und Abendessen,neu,-,
das Müsli,leicht,Frühstück und Abendessen,neu,-,
der/das Joghurt,leicht,Frühstück und Abendessen,neu,-,
trinken,leicht,Frühstück und Abendessen,neu,-,
die Milch,leicht,Frühstück und Abendessen,neu,-,
der Kakao,leicht,Frühstück und Abendessen,neu,-,
der Tee,leicht,Frühstück und Abendessen,neu,-,
die Zitrone,leicht,Frühstück und Abendessen,neu,-,
der Saft,leicht,Frühstück und Abendessen,neu,-,
Hunger haben,mittel,Frühstück und Abendessen,neu,-,
Durst haben,mittel,Frühstück und Abendessen,neu,-,
das Frühstück,mittel,Frühstück und Abendessen,neu,-,
die Brezel,mittel,Frühstück und Abendessen,neu,-,
der Toast,mittel,Frühstück und Abendessen,neu,-,
die Salami,mittel,Frühstück und Abendessen,neu,-,
ein Brot schmieren,mittel,Frühstück und Abendessen,neu,-,
abbeißen,mittel,Frühstück und Abendessen,neu,-,
der Quark,mittel,Frühstück und Abendessen,neu,-,
das Mineralwasser,mittel,Frühstück und Abendessen,neu,-,
der Apfelsaft,mittel,Frühstück und Abendessen,neu,-,
der Orangensaft,mittel,Frühstück und Abendessen,neu,-,
das Abendessen,mittel,Frühstück und Abendessen,neu,-,
hungrig,schwer,Frühstück und Abendessen,neu,-,
durstig,schwer,Frühstück und Abendessen,neu,-,
satt,schwer,Frühstück und Abendessen,neu,-,
die Mahlzeit,schwer,Frühstück und Abendessen,neu,-,
frühstücken,schwer,Frühstück und Abendessen,neu,-,
das Vollkornbrot,schwer,Frühstück und Abendessen,neu,-,
der Frischkäse,schwer,Frühstück und Abendessen,neu,-,
der Kaffee,schwer,Frühstück und Abendessen,neu,-,
das Getränk,schwer,Frühstück und Abendessen,neu,-,
zu Abend essen,schwer,Frühstück und Abendessen,neu,-,
bloß,schwer,Frühstück und Abendessen,neu,-,
ob,schwer,Frühstück und Abendessen,neu,-,
die Suppe,leicht,Guten Appetit!,neu,-,
die Kartoffel,leicht,Guten Appetit!,neu,-,
der Reis,leicht,Guten Appetit!,neu,-,
die Nudel,leicht,Guten Appetit!,neu,-,
das Fleisch,leicht,Guten Appetit!,neu,-,
das Würstchen,leicht,Guten Appetit!,neu,-,
der/das Ketchup,leicht,Guten Appetit!,neu,-,
der Fisch,leicht,Guten Appetit!,neu,-,
die Tomate,leicht,Guten Appetit!,neu,-,
die Gurke,leicht,Guten Appetit!,neu,-,
die Karotte,leicht,Guten Appetit!,neu,-,
die Möhre,leicht,Guten Appetit!,neu,-,
die Erbse,leicht,Guten Appetit!,neu,-,
der Spinat,leicht,Guten Appetit!,neu,-,
noch,leicht,Guten Appetit!,neu,-,
das Mittagessen,mittel,Guten Appetit!,neu,-,
der Kartoffelbrei,mittel,Guten Appetit!,neu,-,
die Spaghetti,mittel,Guten Appetit!,neu,-,
die Pizza,mittel,Guten Appetit!,neu,-,
die Olive,mittel,Guten Appetit!,neu,-,
das Gulasch,mittel,Guten Appetit!,neu,-,
die Bratwurst,mittel,Guten Appetit!,neu,-,
das Fischstäbchen,mittel,Guten Appetit!,neu,-,
das Gemüse,mittel,Guten Appetit!,neu,-,
der Blumenkohl,mittel,Guten Appetit!,neu,-,
der Brokkoli,mittel,Guten Appetit!,neu,-,
die Paprika,mittel,Guten Appetit!,neu,-,
der Mais,mittel,Guten Appetit!,neu,-,
die Soße,mittel,Guten Appetit!,neu,-,
der Senf,mittel,Guten Appetit!,neu,-,
das Salz,mittel,Guten Appetit!,neu,-,
der Pfeffer,mittel,Guten Appetit!,neu,-,
der Essig,mittel,Guten Appetit!,neu,-,
zu (heiß-sauer ...),mittel,Guten Appetit!,neu,-,
der Eintopf,schwer,Guten Appetit!,neu,-,
der Auflauf,schwer,Guten Appetit!,neu,-,
das Rindfleisch,schwer,Guten Appetit!,neu,-,
das Schweinefleisch,schwer,Guten Appetit!,neu,-,
das Lammfleisch,schwer,Guten Appetit!,neu,-,
das Brathähnchen,schwer,Guten Appetit!,neu,-,
die Frikadelle,schwer,Guten Appetit!,neu,-,
der Dönerkebab,schwer,Guten Appetit!,neu,-,
der Döner,schwer,Guten Appetit!,neu,-,
die Zwiebel,schwer,Guten Appetit!,neu,-,
der Champignon,schwer,Guten Appetit!,neu,-,
die Zucchini,schwer,Guten Appetit!,neu,-,
der Lauch,schwer,Guten Appetit!,neu,-,
die Bohne,schwer,Guten Appetit!,neu,-,
der Kohl,schwer,Guten Appetit!,neu,-,
verdauen,schwer,Guten Appetit!,neu,-,
der Apfel,leicht,Gegen den kleinen Hunger,neu,-,
die Banane,leicht,Gegen den kleinen Hunger,neu,-,
die Orange,leicht,Gegen den kleinen Hunger,neu,-,
die Melone,leicht,Gegen den kleinen Hunger,neu,-,
der Kuchen,leicht,Gegen den kleinen Hunger,neu,-,
der Keks,leicht,Gegen den kleinen Hunger,neu,-,
die Schokolade,leicht,Gegen den kleinen Hunger,neu,-,
das Eis,leicht,Gegen den kleinen Hunger,neu,-,
der Pudding,leicht,Gegen den kleinen Hunger,neu,-,
mehr,leicht,Gegen den kleinen Hunger,neu,-,
weniger,leicht,Gegen den kleinen Hunger,neu,-,
das Obst,mittel,Gegen den kleinen Hunger,neu,-,
die Mandarine,mittel,Gegen den kleinen Hunger,neu,-,
der Pfirsich,mittel,Gegen den kleinen Hunger,neu,-,
saftig,mittel,Gegen den kleinen Hunger,neu,-,
die Birne,mittel,Gegen den kleinen Hunger,neu,-,
die Kirsche,mittel,Gegen den kleinen Hunger,neu,-,
die Pflaume,mittel,Gegen den kleinen Hunger,neu,-,
die Ananas,mittel,Gegen den kleinen Hunger,neu,-,
die Kiwi,mittel,Gegen den kleinen Hunger,neu,-,
der Nachtisch,mittel,Gegen den kleinen Hunger,neu,-,
das Kompott,mittel,Gegen den kleinen Hunger,neu,-,
der Schokoladenpudding,mittel,Gegen den kleinen Hunger,neu,-,
naschen,mittel,Gegen den kleinen Hunger,neu,-,
das Bonbon,mittel,Gegen den kleinen Hunger,neu,-,
nur,mittel,Gegen den kleinen Hunger,neu,-,
der Appetit,schwer,Gegen den kleinen Hunger,neu,-,
der Apfelkuchen,schwer,Gegen den kleinen Hunger,neu,-,
schälen,schwer,Gegen den kleinen Hunger,neu,-,
die Schale,schwer,Gegen den kleinen Hunger,neu,-,
das Mehl,schwer,Gegen den kleinen Hunger,neu,-,
das Backpulver,schwer,Gegen den kleinen Hunger,neu,-,
der Zucker,schwer,Gegen den kleinen Hunger,neu,-,
die Margarine,schwer,Gegen den kleinen Hunger,neu,-,
die Sahne,schwer,Gegen den kleinen Hunger,neu,-,
der Obstsalat,schwer,Gegen den kleinen Hunger,neu,-,
die Süßigkeit,schwer,Gegen den kleinen Hunger,neu,-,
ungesund,schwer,Gegen den kleinen Hunger,neu,-,
die Gabel,leicht,Messer - Gabel - Löffel,neu,-,
das Messer,leicht,Messer - Gabel - Löffel,neu,-,
der Löffel,leicht,Messer - Gabel - Löffel,neu,-,
sich auftun,leicht,Messer - Gabel - Löffel,neu,-,
sich nehmen,leicht,Messer - Gabel - Löffel,neu,-,
der Teller,leicht,Messer - Gabel - Löffel,neu,-,
die Tasse,leicht,Messer - Gabel - Löffel,neu,-,
das Glas,leicht,Messer - Gabel - Löffel,neu,-,
der Becher,leicht,Messer - Gabel - Löffel,neu,-,
das Schälchen,leicht,Messer - Gabel - Löffel,neu,-,
danke,leicht,Messer - Gabel - Löffel,neu,-,
bitte,leicht,Messer - Gabel - Löffel,neu,-,
der Teelöffel,mittel,Messer - Gabel - Löffel,neu,-,
der Esslöffel,mittel,Messer - Gabel - Löffel,neu,-,
der Suppenlöffel,mittel,Messer - Gabel - Löffel,neu,-,
die Schüssel,mittel,Messer - Gabel - Löffel,neu,-,
die Wasserflasche,mittel,Messer - Gabel - Löffel,neu,-,
eingießen,mittel,Messer - Gabel - Löffel,neu,-,
der Strohhalm,mittel,Messer - Gabel - Löffel,neu,-,
der Suppenteller,mittel,Messer - Gabel - Löffel,neu,-,
das Brettchen,mittel,Messer - Gabel - Löffel,neu,-,
die Kanne,mittel,Messer - Gabel - Löffel,neu,-,
den Tisch decken,mittel,Messer - Gabel - Löffel,neu,-,
abräumen,mittel,Messer - Gabel - Löffel,neu,-,
abwaschen,mittel,Messer - Gabel - Löffel,neu,-,
pusten,mittel,Messer - Gabel - Löffel,neu,-,
schmatzen,mittel,Messer - Gabel - Löffel,neu,-,
das Besteck,schwer,Messer - Gabel - Löffel,neu,-,
löffeln,schwer,Messer - Gabel - Löffel,neu,-,
die Suppenkelle,schwer,Messer - Gabel - Löffel,neu,-,
verteilen,schwer,Messer - Gabel - Löffel,neu,-,
das Geschirr,schwer,Messer - Gabel - Löffel,neu,-,
tief,schwer,Messer - Gabel - Löffel,neu,-,
flach,schwer,Messer - Gabel - Löffel,neu,-,
die Untertasse,schwer,Messer - Gabel - Löffel,neu,-,
die Tischdecke,schwer,Messer - Gabel - Löffel,neu,-,
die Serviette,schwer,Messer - Gabel - Löffel,neu,-,
das Tablett,schwer,Messer - Gabel - Löffel,neu,-,
der Rest,schwer,Messer - Gabel - Löffel,neu,-,
aufheben,schwer,Messer - Gabel - Löffel,neu,-,
sich benehmen,schwer,Messer - Gabel - Löffel,neu,-,
sich bedanken,schwer,Messer - Gabel - Löffel,neu,-,
kleckern,schwer,Messer - Gabel - Löffel,neu,-,
schlingen,schwer,Messer - Gabel - Löffel,neu,-,
schlürfen,schwer,Messer - Gabel - Löffel,neu,-,
rülpsen,schwer,Messer - Gabel - Löffel,neu,-,
kochen,leicht,Wir kochen,neu,-,
der Topf,leicht,Wir kochen,neu,-,
der Deckel,leicht,Wir kochen,neu,-,
aufmachen,leicht,Wir kochen,neu,-,
zumachen,leicht,Wir kochen,neu,-,
rühren,leicht,Wir kochen,neu,-,
dazutun,leicht,Wir kochen,neu,-,
voll,leicht,Wir kochen,neu,-,
leer,leicht,Wir kochen,neu,-,
der Koch,mittel,Wir kochen,neu,-,
umrühren,mittel,Wir kochen,neu,-,
der Kochlöffel,mittel,Wir kochen,neu,-,
die Pfanne,mittel,Wir kochen,neu,-,
braten,mittel,Wir kochen,neu,-,
backen,mittel,Wir kochen,neu,-,
die Backform,mittel,Wir kochen,neu,-,
der Topflappen,mittel,Wir kochen,neu,-,
der Grill,mittel,Wir kochen,neu,-,
grillen,mittel,Wir kochen,neu,-,
durchschneiden,mittel,Wir kochen,neu,-,
abschneiden,mittel,Wir kochen,neu,-,
der Dosenöffner,mittel,Wir kochen,neu,-,
das Sieb,mittel,Wir kochen,neu,-,
frisch,mittel,Wir kochen,neu,-,
hart,mittel,Wir kochen,neu,-,
fertig,mittel,Wir kochen,neu,-,
man,mittel,Wir kochen,neu,-,
das Rezept,schwer,Wir kochen,neu,-,
der Messbecher,schwer,Wir kochen,neu,-,
roh,schwer,Wir kochen,neu,-,
gar,schwer,Wir kochen,neu,-,
knusprig,schwer,Wir kochen,neu,-,
das Gewürz,schwer,Wir kochen,neu,-,
würzen,schwer,Wir kochen,neu,-,
scharf,schwer,Wir kochen,neu,-,
salzen,schwer,Wir kochen,neu,-,
versalzen,schwer,Wir kochen,neu,-,
süßen,schwer,Wir kochen,neu,-,
reiben,schwer,Wir kochen,neu,-,
halbieren,schwer,Wir kochen,neu,-,
die Hälfte,schwer,Wir kochen,neu,-,
der Schneebesen,schwer,Wir kochen,neu,-,
die Eieruhr,schwer,Wir kochen,neu,-,
das Küchentuch,schwer,Wir kochen,neu,-,
einfrieren,schwer,Wir kochen,neu,-,
erst,schwer,Wir kochen,neu,-,
nachdem,schwer,Wir kochen,neu,-,
der Laden,leicht,Wo kaufen wir ein?,neu,-,
das Kaufhaus,leicht,Wo kaufen wir ein?,neu,-,
der Markt,leicht,Wo kaufen wir ein?,neu,-,
der Bäcker,leicht,Wo kaufen wir ein?,neu,-,
alles,leicht,Wo kaufen wir ein?,neu,-,
der Supermarkt,mittel,Wo kaufen wir ein?,neu,-,
das Geschäft,mittel,Wo kaufen wir ein?,neu,-,
der Kiosk,mittel,Wo kaufen wir ein?,neu,-,
der Metzger,mittel,Wo kaufen wir ein?,neu,-,
der Fleischer,mittel,Wo kaufen wir ein?,neu,-,
das Fischgeschäft,mittel,Wo kaufen wir ein?,neu,-,
der Spielzeugladen,mittel,Wo kaufen wir ein?,neu,-,
der Zeitungsladen,mittel,Wo kaufen wir ein?,neu,-,
die Zeitschrift,mittel,Wo kaufen wir ein?,neu,-,
der Comic,mittel,Wo kaufen wir ein?,neu,-,
der Friseur,mittel,Wo kaufen wir ein?,neu,-,
Haare schneiden,mittel,Wo kaufen wir ein?,neu,-,
das Schuhgeschäft,mittel,Wo kaufen wir ein?,neu,-,
der Schuster,mittel,Wo kaufen wir ein?,neu,-,
Schuhe reparieren,mittel,Wo kaufen wir ein?,neu,-,
das Zoogeschäft,mittel,Wo kaufen wir ein?,neu,-,
das Tierfutter,mittel,Wo kaufen wir ein?,neu,-,
das Blumengeschäft,mittel,Wo kaufen wir ein?,neu,-,
die Abteilung,schwer,Wo kaufen wir ein?,neu,-,
die Spielwarenabteilung,schwer,Wo kaufen wir ein?,neu,-,
der Obst- und Gemüsehändler,schwer,Wo kaufen wir ein?,neu,-,
der Bioladen,schwer,Wo kaufen wir ein?,neu,-,
die Metzgerei,schwer,Wo kaufen wir ein?,neu,-,
die Fleischerei,schwer,Wo kaufen wir ein?,neu,-,
die Drogerie,schwer,Wo kaufen wir ein?,neu,-,
die Apotheke,schwer,Wo kaufen wir ein?,neu,-,
das Medikament,schwer,Wo kaufen wir ein?,neu,-,
der Optiker,schwer,Wo kaufen wir ein?,neu,-,
eine Brille aussuchen,schwer,Wo kaufen wir ein?,neu,-,
das Schreibwarengeschäft,schwer,Wo kaufen wir ein?,neu,-,
das Briefpapier,schwer,Wo kaufen wir ein?,neu,-,
die Buchhandlung,schwer,Wo kaufen wir ein?,neu,-,
der Juwelier,schwer,Wo kaufen wir ein?,neu,-,
das Gold,schwer,Wo kaufen wir ein?,neu,-,
aus Silber,schwer,Wo kaufen wir ein?,neu,-,
der Edelstein,schwer,Wo kaufen wir ein?,neu,-,
die Auswahl,schwer,Wo kaufen wir ein?,neu,-,
die Reinigung,schwer,Wo kaufen wir ein?,neu,-,
der Baumarkt,schwer,Wo kaufen wir ein?,neu,-,
das Möbelhaus,schwer,Wo kaufen wir ein?,neu,-,
das Stück,leicht,Wie viel darf es sein?,neu,-,
die Scheibe,leicht,Wie viel darf es sein?,neu,-,
die Flasche,leicht,Wie viel darf es sein?,neu,-,
einpacken,leicht,Wie viel darf es sein?,neu,-,
die Dose,leicht,Wie viel darf es sein?,neu,-,
die Tüte,leicht,Wie viel darf es sein?,neu,-,
das Kilo,mittel,Wie viel darf es sein?,neu,-,
die Waage,mittel,Wie viel darf es sein?,neu,-,
der Liter,mittel,Wie viel darf es sein?,neu,-,
die Tafel Schokolade,mittel,Wie viel darf es sein?,neu,-,
der Kasten,mittel,Wie viel darf es sein?,neu,-,
der Karton,mittel,Wie viel darf es sein?,neu,-,
das Paket,mittel,Wie viel darf es sein?,neu,-,
die Pfandflasche,mittel,Wie viel darf es sein?,neu,-,
verpackt,mittel,Wie viel darf es sein?,neu,-,
viel,mittel,Wie viel darf es sein?,neu,-,
wenig,mittel,Wie viel darf es sein?,neu,-,
nichts,mittel,Wie viel darf es sein?,neu,-,
die Ware,schwer,Wie viel darf es sein?,neu,-,
die Packung,schwer,Wie viel darf es sein?,neu,-,
das Bund,schwer,Wie viel darf es sein?,neu,-,
der Meter,schwer,Wie viel darf es sein?,neu,-,
der Zentimeter,schwer,Wie viel darf es sein?,neu,-,
das Pfund,schwer,Wie viel darf es sein?,neu,-,
das Gramm,schwer,Wie viel darf es sein?,neu,-,
die Menge,schwer,Wie viel darf es sein?,neu,-,
abwiegen,schwer,Wie viel darf es sein?,neu,-,
einige,schwer,Wie viel darf es sein?,neu,-,
ein paar,schwer,Wie viel darf es sein?,neu,-,
eine Handvoll,schwer,Wie viel darf es sein?,neu,-,
die Frische,schwer,Wie viel darf es sein?,neu,-,
haltbar,schwer,Wie viel darf es sein?,neu,-,
abgepackt,schwer,Wie viel darf es sein?,neu,-,
teuer,schwer,Wie viel darf es sein?,neu,-,
billig,schwer,Wie viel darf es sein?,neu,-,
umsonst,schwer,Wie viel darf es sein?,neu,-,
einzeln,schwer,Wie viel darf es sein?,neu,-,
der Zettel,leicht,An der Kasse,neu,-,
der Korb,leicht,An der Kasse,neu,-,
die Tasche,leicht,An der Kasse,neu,-,
kaufen,leicht,An der Kasse,neu,-,
bezahlen,leicht,An der Kasse,neu,-,
das Geld,leicht,An der Kasse,neu,-,
der Euro,leicht,An der Kasse,neu,-,
der Cent,leicht,An der Kasse,neu,-,
die Kasse,leicht,An der Kasse,neu,-,
kosten,leicht,An der Kasse,neu,-,
Wie viel kostet das?,leicht,An der Kasse,neu,-,
der Einkaufszettel,mittel,An der Kasse,neu,-,
aufschreiben,mittel,An der Kasse,neu,-,
die Einkaufstasche,mittel,An der Kasse,neu,-,
einkaufen,mittel,An der Kasse,neu,-,
der Einkaufswagen,mittel,An der Kasse,neu,-,
schieben,mittel,An der Kasse,neu,-,
die Theke,mittel,An der Kasse,neu,-,
der Verkäufer,mittel,An der Kasse,neu,-,
der Preis,mittel,An der Kasse,neu,-,
die Kassiererin,mittel,An der Kasse,neu,-,
Schlange stehen,mittel,An der Kasse,neu,-,
ausrechnen,mittel,An der Kasse,neu,-,
zählen,mittel,An der Kasse,neu,-,
der Geldschein,mittel,An der Kasse,neu,-,
die Münze,mittel,An der Kasse,neu,-,
das Portemonnaie,mittel,An der Kasse,neu,-,
tauschen,mittel,An der Kasse,neu,-,
verkaufen,schwer,An der Kasse,neu,-,
die Kundin,schwer,An der Kasse,neu,-,
das Preisschild,schwer,An der Kasse,neu,-,
das Sonderangebot,schwer,An der Kasse,neu,-,
der Gutschein,schwer,An der Kasse,neu,-,
das Geldstück,schwer,An der Kasse,neu,-,
die Geldbörse,schwer,An der Kasse,neu,-,
der Geldautomat,schwer,An der Kasse,neu,-,
die Scheckkarte,schwer,An der Kasse,neu,-,
zahlen,schwer,An der Kasse,neu,-,
bar,schwer,An der Kasse,neu,-,
das Wechselgeld,schwer,An der Kasse,neu,-,
der Kassenzettel,schwer,An der Kasse,neu,-,
bestellen,schwer,An der Kasse,neu,-,
der Katalog,schwer,An der Kasse,neu,-,
umtauschen,schwer,An der Kasse,neu,-,
vergleichen,schwer,An der Kasse,neu,-,
ausmessen,schwer,An der Kasse,neu,-,
die Umkleidekabine,schwer,An der Kasse,neu,-,
die Marke,schwer,An der Kasse,neu,-,
werben,schwer,An der Kasse,neu,-,
das Plakat,schwer,An der Kasse,neu,-,
anziehen,leicht,Was ziehe ich heute an?,neu,-,
ausziehen,leicht,Was ziehe ich heute an?,neu,-,
anhaben,leicht,Was ziehe ich heute an?,neu,-,
der Pulli,leicht,Was ziehe ich heute an?,neu,-,
die Hose,leicht,Was ziehe ich heute an?,neu,-,
das Kleid,leicht,Was ziehe ich heute an?,neu,-,
der Rock,leicht,Was ziehe ich heute an?,neu,-,
die Jacke,leicht,Was ziehe ich heute an?,neu,-,
die Unterhose,leicht,Was ziehe ich heute an?,neu,-,
das Unterhemd,leicht,Was ziehe ich heute an?,neu,-,
der Schlafanzug,leicht,Was ziehe ich heute an?,neu,-,
umziehen,mittel,Was ziehe ich heute an?,neu,-,
überziehen,mittel,Was ziehe ich heute an?,neu,-,
anprobieren,mittel,Was ziehe ich heute an?,neu,-,
das T-Shirt,mittel,Was ziehe ich heute an?,neu,-,
das Hemd,mittel,Was ziehe ich heute an?,neu,-,
der Pullover,mittel,Was ziehe ich heute an?,neu,-,
die Jeans,mittel,Was ziehe ich heute an?,neu,-,
die Matschhose,mittel,Was ziehe ich heute an?,neu,-,
der Anorak,mittel,Was ziehe ich heute an?,neu,-,
der Mantel,mittel,Was ziehe ich heute an?,neu,-,
die Regenjacke,mittel,Was ziehe ich heute an?,neu,-,
der Schlüpfer,mittel,Was ziehe ich heute an?,neu,-,
der Body,mittel,Was ziehe ich heute an?,neu,-,
der Schlafsack,mittel,Was ziehe ich heute an?,neu,-,
das Nachthemd,mittel,Was ziehe ich heute an?,neu,-,
der Bademantel,mittel,Was ziehe ich heute an?,neu,-,
die Badehose,mittel,Was ziehe ich heute an?,neu,-,
der Badeanzug,mittel,Was ziehe ich heute an?,neu,-,
schick,mittel,Was ziehe ich heute an?,neu,-,
neu,mittel,Was ziehe ich heute an?,neu,-,
weich,mittel,Was ziehe ich heute an?,neu,-,
tragen,schwer,Was ziehe ich heute an?,neu,-,
schützen,schwer,Was ziehe ich heute an?,neu,-,
die Kleidung,schwer,Was ziehe ich heute an?,neu,-,
das Sweatshirt,schwer,Was ziehe ich heute an?,neu,-,
passen,schwer,Was ziehe ich heute an?,neu,-,
die Strickjacke,schwer,Was ziehe ich heute an?,neu,-,
die Bluse,schwer,Was ziehe ich heute an?,neu,-,
die Weste,schwer,Was ziehe ich heute an?,neu,-,
der Anzug,schwer,Was ziehe ich heute an?,neu,-,
die Latzhose,schwer,Was ziehe ich heute an?,neu,-,
die Shorts,schwer,Was ziehe ich heute an?,neu,-,
die Unterwäsche,schwer,Was ziehe ich heute an?,neu,-,
die Sportsachen,schwer,Was ziehe ich heute an?,neu,-,
der Bikini,schwer,Was ziehe ich heute an?,neu,-,
das Badezeug,schwer,Was ziehe ich heute an?,neu,-,
die Badesachen,schwer,Was ziehe ich heute an?,neu,-,
eng,schwer,Was ziehe ich heute an?,neu,-,
weit,schwer,Was ziehe ich heute an?,neu,-,
bequem,schwer,Was ziehe ich heute an?,neu,-,
unbequem,schwer,Was ziehe ich heute an?,neu,-,
die Mütze,leicht,Kapuze - Knopf und Klettverschluss,neu,-,
der Schal,leicht,Kapuze - Knopf und Klettverschluss,neu,-,
binden,leicht,Kapuze - Knopf und Klettverschluss,neu,-,
der Handschuh,leicht,Kapuze - Knopf und Klettverschluss,neu,-,
der Strumpf,leicht,Kapuze - Knopf und Klettverschluss,neu,-,
die Strumpfhose,leicht,Kapuze - Knopf und Klettverschluss,neu,-,
der Schuh,leicht,Kapuze - Knopf und Klettverschluss,neu,-,
der Hausschuh,leicht,Kapuze - Knopf und Klettverschluss,neu,-,
der Stiefel,leicht,Kapuze - Knopf und Klettverschluss,neu,-,
der Knopf,leicht,Kapuze - Knopf und Klettverschluss,neu,-,
der Ring,leicht,Kapuze - Knopf und Klettverschluss,neu,-,
die Kapuze,mittel,Kapuze - Knopf und Klettverschluss,neu,-,
der Kniestrumpf,mittel,Kapuze - Knopf und Klettverschluss,neu,-,
die Socke,mittel,Kapuze - Knopf und Klettverschluss,neu,-,
das Hosenbein,mittel,Kapuze - Knopf und Klettverschluss,neu,-,
hochkrempeln,mittel,Kapuze - Knopf und Klettverschluss,neu,-,
die Sandale,mittel,Kapuze - Knopf und Klettverschluss,neu,-,
der Turnschuh,mittel,Kapuze - Knopf und Klettverschluss,neu,-,
der Gummistiefel,mittel,Kapuze - Knopf und Klettverschluss,neu,-,
der Klettverschluss,mittel,Kapuze - Knopf und Klettverschluss,neu,-,
der Knoten,mittel,Kapuze - Knopf und Klettverschluss,neu,-,
aufknöpfen,mittel,Kapuze - Knopf und Klettverschluss,neu,-,
zuknöpfen,mittel,Kapuze - Knopf und Klettverschluss,neu,-,
der Reißverschluss,mittel,Kapuze - Knopf und Klettverschluss,neu,-,
der Gürtel,mittel,Kapuze - Knopf und Klettverschluss,neu,-,
der Ohrring,mittel,Kapuze - Knopf und Klettverschluss,neu,-,
die Kette,mittel,Kapuze - Knopf und Klettverschluss,neu,-,
das Armband,mittel,Kapuze - Knopf und Klettverschluss,neu,-,
das Kostüm,schwer,Kapuze - Knopf und Klettverschluss,neu,-,
verkleiden,schwer,Kapuze - Knopf und Klettverschluss,neu,-,
der Hut,schwer,Kapuze - Knopf und Klettverschluss,neu,-,
aufsetzen,schwer,Kapuze - Knopf und Klettverschluss,neu,-,
das Kopftuch,schwer,Kapuze - Knopf und Klettverschluss,neu,-,
das Tuch,schwer,Kapuze - Knopf und Klettverschluss,neu,-,
der Kragen,schwer,Kapuze - Knopf und Klettverschluss,neu,-,
der Rollkragen,schwer,Kapuze - Knopf und Klettverschluss,neu,-,
der Ärmel,schwer,Kapuze - Knopf und Klettverschluss,neu,-,
kurzärmelig,schwer,Kapuze - Knopf und Klettverschluss,neu,-,
langärmelig,schwer,Kapuze - Knopf und Klettverschluss,neu,-,
umkrempeln,schwer,Kapuze - Knopf und Klettverschluss,neu,-,
die Hosentasche,schwer,Kapuze - Knopf und Klettverschluss,neu,-,
der Straßenschuh,schwer,Kapuze - Knopf und Klettverschluss,neu,-,
der Schnürsenkel,schwer,Kapuze - Knopf und Klettverschluss,neu,-,
die Schleife,schwer,Kapuze - Knopf und Klettverschluss,neu,-,
zubinden,schwer,Kapuze - Knopf und Klettverschluss,neu,-,
die Schuhgröße,schwer,Kapuze - Knopf und Klettverschluss,neu,-,
der Druckknopf,schwer,Kapuze - Knopf und Klettverschluss,neu,-,
das Knopfloch,schwer,Kapuze - Knopf und Klettverschluss,neu,-,
der Schmuck,schwer,Kapuze - Knopf und Klettverschluss,neu,-,
die Schere,leicht,Meine Hose ist kaputt,neu,-,
die Waschmaschine,leicht,Meine Hose ist kaputt,neu,-,
kaputt,leicht,Meine Hose ist kaputt,neu,-,
ganz,leicht,Meine Hose ist kaputt,neu,-,
der Fleck,leicht,Meine Hose ist kaputt,neu,-,
die Nadel,mittel,Meine Hose ist kaputt,neu,-,
der Faden,mittel,Meine Hose ist kaputt,neu,-,
nähen,mittel,Meine Hose ist kaputt,neu,-,
flicken,mittel,Meine Hose ist kaputt,neu,-,
zerreißen,mittel,Meine Hose ist kaputt,neu,-,
die Wolle,mittel,Meine Hose ist kaputt,neu,-,
der Stoff,mittel,Meine Hose ist kaputt,neu,-,
das Leder,mittel,Meine Hose ist kaputt,neu,-,
flauschig,mittel,Meine Hose ist kaputt,neu,-,
auswaschen,mittel,Meine Hose ist kaputt,neu,-,
das Waschmittel,mittel,Meine Hose ist kaputt,neu,-,
das Waschpulver,mittel,Meine Hose ist kaputt,neu,-,
der Wäschekorb,mittel,Meine Hose ist kaputt,neu,-,
der Wäscheständer,mittel,Meine Hose ist kaputt,neu,-,
die Wäscheleine,mittel,Meine Hose ist kaputt,neu,-,
aufhängen,mittel,Meine Hose ist kaputt,neu,-,
abnehmen,mittel,Meine Hose ist kaputt,neu,-,
bügeln,mittel,Meine Hose ist kaputt,neu,-,
das Bügeleisen,mittel,Meine Hose ist kaputt,neu,-,
der Schneider,schwer,Meine Hose ist kaputt,neu,-,
die Nähmaschine,schwer,Meine Hose ist kaputt,neu,-,
mit der Hand,schwer,Meine Hose ist kaputt,neu,-,
ändern,schwer,Meine Hose ist kaputt,neu,-,
der Flicken,schwer,Meine Hose ist kaputt,neu,-,
die Naht,schwer,Meine Hose ist kaputt,neu,-,
ist aus ...,schwer,Meine Hose ist kaputt,neu,-,
die Baumwolle,schwer,Meine Hose ist kaputt,neu,-,
das Muster,schwer,Meine Hose ist kaputt,neu,-,
die Länge,schwer,Meine Hose ist kaputt,neu,-,
stricken,schwer,Meine Hose ist kaputt,neu,-,
die Stricknadel,schwer,Meine Hose ist kaputt,neu,-,
die Wäsche,schwer,Meine Hose ist kaputt,neu,-,
die Wäscheklammer,schwer,Meine Hose ist kaputt,neu,-,
der Wäschetrockner,schwer,Meine Hose ist kaputt,neu,-,
zusammenlegen,schwer,Meine Hose ist kaputt,neu,-,
der Kleiderbügel,schwer,Meine Hose ist kaputt,neu,-,
die Mode,schwer,Meine Hose ist kaputt,neu,-,
die Modenschau,schwer,Meine Hose ist kaputt,neu,-,
das Zimmer,leicht,Mein Zimmer,neu,-,
das Bett,leicht,Mein Zimmer,neu,-,
das Kissen,leicht,Mein Zimmer,neu,-,
der Schrank,leicht,Mein Zimmer,neu,-,
das Regal,leicht,Mein Zimmer,neu,-,
die Spielsachen,leicht,Mein Zimmer,neu,-,
haben,leicht,Mein Zimmer,neu,-,
das Bilderbuch,leicht,Mein Zimmer,neu,-,
das Mobile,leicht,Mein Zimmer,neu,-,
die Spieluhr,leicht,Mein Zimmer,neu,-,
die Lampe,leicht,Mein Zimmer,neu,-,
anmachen,leicht,Mein Zimmer,neu,-,
ausmachen,leicht,Mein Zimmer,neu,-,
das Kopfkissen,mittel,Mein Zimmer,neu,-,
die Bettdecke,mittel,Mein Zimmer,neu,-,
gemütlich,mittel,Mein Zimmer,neu,-,
ruhig,mittel,Mein Zimmer,neu,-,
der Spielteppich,mittel,Mein Zimmer,neu,-,
ordentlich,mittel,Mein Zimmer,neu,-,
aufräumen,mittel,Mein Zimmer,neu,-,
wegstellen,mittel,Mein Zimmer,neu,-,
weglegen,mittel,Mein Zimmer,neu,-,
weghängen,mittel,Mein Zimmer,neu,-,
der Kleiderschrank,mittel,Mein Zimmer,neu,-,
der Schreibtisch,mittel,Mein Zimmer,neu,-,
die Spielzeugkiste,mittel,Mein Zimmer,neu,-,
der Raum,schwer,Mein Zimmer,neu,-,
das Hochbett,schwer,Mein Zimmer,neu,-,
das Etagenbett,schwer,Mein Zimmer,neu,-,
die Matratze,schwer,Mein Zimmer,neu,-,
der Bettbezug,schwer,Mein Zimmer,neu,-,
die Ordnung,schwer,Mein Zimmer,neu,-,
unordentlich,schwer,Mein Zimmer,neu,-,
aufbewahren,schwer,Mein Zimmer,neu,-,
die Leselampe,schwer,Mein Zimmer,neu,-,
das Poster,schwer,Mein Zimmer,neu,-,
das Fensterbrett,schwer,Mein Zimmer,neu,-,
die Fensterscheibe,schwer,Mein Zimmer,neu,-,
das Fensterbild,schwer,Mein Zimmer,neu,-,
lüften,schwer,Mein Zimmer,neu,-,
die Heizung,schwer,Mein Zimmer,neu,-,
heizen,schwer,Mein Zimmer,neu,-,
aufdrehen,schwer,Mein Zimmer,neu,-,
zudrehen,schwer,Mein Zimmer,neu,-,
wohnen,leicht,Unser Haus,neu,-,
die Küche,leicht,Unser Haus,neu,-,
das Bad,leicht,Unser Haus,neu,-,
der Flur,leicht,Unser Haus,neu,-,
der Keller,leicht,Unser Haus,neu,-,
der Balkon,leicht,Unser Haus,neu,-,
die Tür,leicht,Unser Haus,neu,-,
der Schlüssel,leicht,Unser Haus,neu,-,
klingeln,leicht,Unser Haus,neu,-,
das Fenster,leicht,Unser Haus,neu,-,
die Treppe,leicht,Unser Haus,neu,-,
die Mülltonne,leicht,Unser Haus,neu,-,
schmeißen,leicht,Unser Haus,neu,-,
die Wohnung,mittel,Unser Haus,neu,-,
die Haustür,mittel,Unser Haus,neu,-,
das Wohnzimmer,mittel,Unser Haus,neu,-,
das Schlafzimmer,mittel,Unser Haus,neu,-,
das Kinderzimmer,mittel,Unser Haus,neu,-,
das Badezimmer,mittel,Unser Haus,neu,-,
die Kammer,mittel,Unser Haus,neu,-,
der Fahrstuhl,mittel,Unser Haus,neu,-,
das Treppenhaus,mittel,Unser Haus,neu,-,
die Stufe,mittel,Unser Haus,neu,-,
der Briefkasten,mittel,Unser Haus,neu,-,
die Klingel,mittel,Unser Haus,neu,-,
der Hof,mittel,Unser Haus,neu,-,
die Garage,mittel,Unser Haus,neu,-,
die Adresse,schwer,Unser Haus,neu,-,
die Hausnummer,schwer,Unser Haus,neu,-,
das Erdgeschoss,schwer,Unser Haus,neu,-,
im ersten Stock,schwer,Unser Haus,neu,-,
das Hochhaus,schwer,Unser Haus,neu,-,
der Altbau,schwer,Unser Haus,neu,-,
der Neubau,schwer,Unser Haus,neu,-,
das Reihenhaus,schwer,Unser Haus,neu,-,
mieten,schwer,Unser Haus,neu,-,
die Diele,schwer,Unser Haus,neu,-,
die Terrasse,schwer,Unser Haus,neu,-,
der Dachboden,schwer,Unser Haus,neu,-,
das Schloss,schwer,Unser Haus,neu,-,
aufschließen,schwer,Unser Haus,neu,-,
abschließen,schwer,Unser Haus,neu,-,
der Aufzug,schwer,Unser Haus,neu,-,
die Rücksicht,schwer,Unser Haus,neu,-,
einziehen,schwer,Unser Haus,neu,-,
der Umzug,schwer,Unser Haus,neu,-,
der Herd,leicht,In Küche und Bad,neu,-,
der Kühlschrank,leicht,In Küche und Bad,neu,-,
der Mülleimer,leicht,In Küche und Bad,neu,-,
das Waschbecken,leicht,In Küche und Bad,neu,-,
der Wasserhahn,leicht,In Küche und Bad,neu,-,
der Spiegel,leicht,In Küche und Bad,neu,-,
der Haken,leicht,In Küche und Bad,neu,-,
der Besen,leicht,In Küche und Bad,neu,-,
fegen,leicht,In Küche und Bad,neu,-,
der Küchenschrank,mittel,In Küche und Bad,neu,-,
der Küchentisch,mittel,In Küche und Bad,neu,-,
der Brotkorb,mittel,In Küche und Bad,neu,-,
die Spüle,mittel,In Küche und Bad,neu,-,
das Spülmittel,mittel,In Küche und Bad,neu,-,
abspülen,mittel,In Küche und Bad,neu,-,
die Kühltruhe,mittel,In Küche und Bad,neu,-,
die Mülltüte,mittel,In Küche und Bad,neu,-,
der Abfall,mittel,In Küche und Bad,neu,-,
das Rollo,mittel,In Küche und Bad,neu,-,
die Fliese,mittel,In Küche und Bad,neu,-,
der Staubsauger,mittel,In Küche und Bad,neu,-,
Staub saugen,mittel,In Küche und Bad,neu,-,
sauber machen,mittel,In Küche und Bad,neu,-,
wischen,mittel,In Küche und Bad,neu,-,
die Herdplatte,schwer,In Küche und Bad,neu,-,
der Backofen,schwer,In Küche und Bad,neu,-,
die Geschirrspülmaschine,schwer,In Küche und Bad,neu,-,
der Toaster,schwer,In Küche und Bad,neu,-,
der Wasserkocher,schwer,In Küche und Bad,neu,-,
die Kaffeemaschine,schwer,In Küche und Bad,neu,-,
der Rollladen,schwer,In Küche und Bad,neu,-,
schließen,schwer,In Küche und Bad,neu,-,
die Garderobe,schwer,In Küche und Bad,neu,-,
der Besenschrank,schwer,In Küche und Bad,neu,-,
der Schrubber,schwer,In Küche und Bad,neu,-,
der Putzeimer,schwer,In Küche und Bad,neu,-,
der Putzlappen,schwer,In Küche und Bad,neu,-,
der Handfeger,schwer,In Küche und Bad,neu,-,
die Schaufel,schwer,In Küche und Bad,neu,-,
die Fußmatte,schwer,In Küche und Bad,neu,-,
abstreifen,schwer,In Küche und Bad,neu,-,
der Tisch,leicht,Im Wohnzimmer,neu,-,
der Stuhl,leicht,Im Wohnzimmer,neu,-,
das Sofa,leicht,Im Wohnzimmer,neu,-,
der Sessel,leicht,Im Wohnzimmer,neu,-,
der Teppich,leicht,Im Wohnzimmer,neu,-,
das Bild,leicht,Im Wohnzimmer,neu,-,
fernsehen,leicht,Im Wohnzimmer,neu,-,
das Telefon,leicht,Im Wohnzimmer,neu,-,
die Steckdose,leicht,Im Wohnzimmer,neu,-,
die Möbel,mittel,Im Wohnzimmer,neu,-,
die Wolldecke,mittel,Im Wohnzimmer,neu,-,
die Gardine,mittel,Im Wohnzimmer,neu,-,
die Vase,mittel,Im Wohnzimmer,neu,-,
der Blumenstrauß,mittel,Im Wohnzimmer,neu,-,
der Blumentopf,mittel,Im Wohnzimmer,neu,-,
der Papierkorb,mittel,Im Wohnzimmer,neu,-,
das Klavier,mittel,Im Wohnzimmer,neu,-,
die Musik,mittel,Im Wohnzimmer,neu,-,
der Fernseher,mittel,Im Wohnzimmer,neu,-,
der Film,mittel,Im Wohnzimmer,neu,-,
die DVD,mittel,Im Wohnzimmer,neu,-,
der DVD-Player,mittel,Im Wohnzimmer,neu,-,
die CD,mittel,Im Wohnzimmer,neu,-,
der CD-Player,mittel,Im Wohnzimmer,neu,-,
der Lichtschalter,mittel,Im Wohnzimmer,neu,-,
die Zimmertür,mittel,Im Wohnzimmer,neu,-,
die Klinke,mittel,Im Wohnzimmer,neu,-,
öffnen,mittel,Im Wohnzimmer,neu,-,
einrichten,schwer,Im Wohnzimmer,neu,-,
die Schrankwand,schwer,Im Wohnzimmer,neu,-,
das Bücherregal,schwer,Im Wohnzimmer,neu,-,
die Couch,schwer,Im Wohnzimmer,neu,-,
der Couchtisch,schwer,Im Wohnzimmer,neu,-,
der Esstisch,schwer,Im Wohnzimmer,neu,-,
die Kommode,schwer,Im Wohnzimmer,neu,-,
die Schublade,schwer,Im Wohnzimmer,neu,-,
einräumen,schwer,Im Wohnzimmer,neu,-,
die Blockflöte,schwer,Im Wohnzimmer,neu,-,
der Teppichboden,schwer,Im Wohnzimmer,neu,-,
die Tapete,schwer,Im Wohnzimmer,neu,-,
tapezieren,schwer,Im Wohnzimmer,neu,-,
der Kleister,schwer,Im Wohnzimmer,neu,-,
die Gardinenstange,schwer,Im Wohnzimmer,neu,-,
die Stereoanlage,schwer,Im Wohnzimmer,neu,-,
bauen,leicht,Ein Haus wird gebaut,neu,-,
baggern,leicht,Ein Haus wird gebaut,neu,-,
der Bagger,leicht,Ein Haus wird gebaut,neu,-,
der Baggerfahrer,leicht,Ein Haus wird gebaut,neu,-,
die Leiter,leicht,Ein Haus wird gebaut,neu,-,
der Kran,leicht,Ein Haus wird gebaut,neu,-,
die Wand,leicht,Ein Haus wird gebaut,neu,-,
der Boden,leicht,Ein Haus wird gebaut,neu,-,
das Dach,leicht,Ein Haus wird gebaut,neu,-,
der Hammer,leicht,Ein Haus wird gebaut,neu,-,
der Nagel,leicht,Ein Haus wird gebaut,neu,-,
das Holz,leicht,Ein Haus wird gebaut,neu,-,
der Stein,leicht,Ein Haus wird gebaut,neu,-,
der Bauarbeiter,mittel,Ein Haus wird gebaut,neu,-,
der Bau,mittel,Ein Haus wird gebaut,neu,-,
die Baustelle,mittel,Ein Haus wird gebaut,neu,-,
die Mauer,mittel,Ein Haus wird gebaut,neu,-,
hämmern,mittel,Ein Haus wird gebaut,neu,-,
das Rohr,mittel,Ein Haus wird gebaut,neu,-,
der Fußboden,mittel,Ein Haus wird gebaut,neu,-,
die Zimmerdecke,mittel,Ein Haus wird gebaut,neu,-,
anstreichen,mittel,Ein Haus wird gebaut,neu,-,
bohren,mittel,Ein Haus wird gebaut,neu,-,
der Bohrer,mittel,Ein Haus wird gebaut,neu,-,
sägen,mittel,Ein Haus wird gebaut,neu,-,
die Säge,mittel,Ein Haus wird gebaut,neu,-,
schrauben,mittel,Ein Haus wird gebaut,neu,-,
die Schraube,mittel,Ein Haus wird gebaut,neu,-,
mauern,schwer,Ein Haus wird gebaut,neu,-,
der Maurer,schwer,Ein Haus wird gebaut,neu,-,
die Etage,schwer,Ein Haus wird gebaut,neu,-,
der Handwerker,schwer,Ein Haus wird gebaut,neu,-,
der Elektriker,schwer,Ein Haus wird gebaut,neu,-,
die Stromleitung,schwer,Ein Haus wird gebaut,neu,-,
elektrisch,schwer,Ein Haus wird gebaut,neu,-,
verlegen,schwer,Ein Haus wird gebaut,neu,-,
der Klempner,schwer,Ein Haus wird gebaut,neu,-,
die Zange,schwer,Ein Haus wird gebaut,neu,-,
das Wasserrohr,schwer,Ein Haus wird gebaut,neu,-,
das Dach decken,schwer,Ein Haus wird gebaut,neu,-,
dicht,schwer,Ein Haus wird gebaut,neu,-,
der Schraubenzieher,schwer,Ein Haus wird gebaut,neu,-,
drehen,schwer,Ein Haus wird gebaut,neu,-,
der Beton,schwer,Ein Haus wird gebaut,neu,-,
der Betonmischer,schwer,Ein Haus wird gebaut,neu,-,
der Ziegelstein,schwer,Ein Haus wird gebaut,neu,-,
gerade,schwer,Ein Haus wird gebaut,neu,-,
schief,schwer,Ein Haus wird gebaut,neu,-,
krumm,schwer,Ein Haus wird gebaut,neu,-,
der Maler,schwer,Ein Haus wird gebaut,neu,-,
streichen,schwer,Ein Haus wird gebaut,neu,-,
der Sand,leicht,Auf dem Spielplatz,neu,-,
der Sandkasten,leicht,Auf dem Spielplatz,neu,-,
buddeln,leicht,Auf dem Spielplatz,neu,-,
der Eimer,leicht,Auf dem Spielplatz,neu,-,
das Förmchen,leicht,Auf dem Spielplatz,neu,-,
der Matsch,leicht,Auf dem Spielplatz,neu,-,
die Rutsche,leicht,Auf dem Spielplatz,neu,-,
rutschen,leicht,Auf dem Spielplatz,neu,-,
die Schaukel,leicht,Auf dem Spielplatz,neu,-,
schaukeln,leicht,Auf dem Spielplatz,neu,-,
anschubsen,leicht,Auf dem Spielplatz,neu,-,
die Wippe,leicht,Auf dem Spielplatz,neu,-,
wippen,leicht,Auf dem Spielplatz,neu,-,
schubsen,leicht,Auf dem Spielplatz,neu,-,
der Ball,leicht,Auf dem Spielplatz,neu,-,
fangen,leicht,Auf dem Spielplatz,neu,-,
werfen,leicht,Auf dem Spielplatz,neu,-,
rollen,leicht,Auf dem Spielplatz,neu,-,
verstecken,leicht,Auf dem Spielplatz,neu,-,
der Spielplatz,mittel,Auf dem Spielplatz,neu,-,
die Bank,mittel,Auf dem Spielplatz,neu,-,
zuschauen,mittel,Auf dem Spielplatz,neu,-,
die Pumpe,mittel,Auf dem Spielplatz,neu,-,
pumpen,mittel,Auf dem Spielplatz,neu,-,
sieben,mittel,Auf dem Spielplatz,neu,-,
das Klettergerüst,mittel,Auf dem Spielplatz,neu,-,
runterfallen,mittel,Auf dem Spielplatz,neu,-,
Fangen spielen,mittel,Auf dem Spielplatz,neu,-,
der Roller,mittel,Auf dem Spielplatz,neu,-,
das Laufrad,mittel,Auf dem Spielplatz,neu,-,
das Dreirad,mittel,Auf dem Spielplatz,neu,-,
die Kletterwand,schwer,Auf dem Spielplatz,neu,-,
die Hängebrücke,schwer,Auf dem Spielplatz,neu,-,
schwingen,schwer,Auf dem Spielplatz,neu,-,
der Holzbalken,schwer,Auf dem Spielplatz,neu,-,
balancieren,schwer,Auf dem Spielplatz,neu,-,
baumeln,schwer,Auf dem Spielplatz,neu,-,
umrennen,schwer,Auf dem Spielplatz,neu,-,
seilspringen,schwer,Auf dem Spielplatz,neu,-,
vorwärts,schwer,Auf dem Spielplatz,neu,-,
rückwärts,schwer,Auf dem Spielplatz,neu,-,
die Leute,leicht,In der Stadt,neu,-,
die Straße,leicht,In der Stadt,neu,-,
die Laterne,leicht,In der Stadt,neu,-,
leuchten,leicht,In der Stadt,neu,-,
die Kirche,leicht,In der Stadt,neu,-,
kennen,leicht,In der Stadt,neu,-,
die Stadt,mittel,In der Stadt,neu,-,
der Platz,mittel,In der Stadt,neu,-,
der Gehweg,mittel,In der Stadt,neu,-,
der Gully,mittel,In der Stadt,neu,-,
die Nachbarin,mittel,In der Stadt,neu,-,
treffen,mittel,In der Stadt,neu,-,
das Eiscafé,mittel,In der Stadt,neu,-,
das Kino,mittel,In der Stadt,neu,-,
die Bücherei,mittel,In der Stadt,neu,-,
der Kirchturm,mittel,In der Stadt,neu,-,
die Glocke,mittel,In der Stadt,neu,-,
läuten,mittel,In der Stadt,neu,-,
das Tor,mittel,In der Stadt,neu,-,
der Friedhof,mittel,In der Stadt,neu,-,
sterben,mittel,In der Stadt,neu,-,
das Grab,mittel,In der Stadt,neu,-,
neben,mittel,In der Stadt,neu,-,
das Denkmal,schwer,In der Stadt,neu,-,
der Springbrunnen,schwer,In der Stadt,neu,-,
der Straßenname,schwer,In der Stadt,neu,-,
der Stadtplan,schwer,In der Stadt,neu,-,
der Bürgersteig,schwer,In der Stadt,neu,-,
die Einfahrt,schwer,In der Stadt,neu,-,
der Vorgarten,schwer,In der Stadt,neu,-,
die Litfaßsäule,schwer,In der Stadt,neu,-,
die Reklame,schwer,In der Stadt,neu,-,
die Bibliothek,schwer,In der Stadt,neu,-,
das Restaurant,schwer,In der Stadt,neu,-,
das Lokal,schwer,In der Stadt,neu,-,
essen gehen,schwer,In der Stadt,neu,-,
der Kellner,schwer,In der Stadt,neu,-,
die Kneipe,schwer,In der Stadt,neu,-,
der Imbiss,schwer,In der Stadt,neu,-,
das Schaufenster,schwer,In der Stadt,neu,-,
bummeln,schwer,In der Stadt,neu,-,
die Telefonzelle,schwer,In der Stadt,neu,-,
das Parkhaus,schwer,In der Stadt,neu,-,
der Garten,leicht,In unserem Garten,neu,-,
das Gras,leicht,In unserem Garten,neu,-,
die Erde,leicht,In unserem Garten,neu,-,
graben,leicht,In unserem Garten,neu,-,
das Beet,leicht,In unserem Garten,neu,-,
gießen,leicht,In unserem Garten,neu,-,
die Erdbeere,leicht,In unserem Garten,neu,-,
pflücken,leicht,In unserem Garten,neu,-,
die Nuss,leicht,In unserem Garten,neu,-,
der Kern,leicht,In unserem Garten,neu,-,
der Obstbaum,mittel,In unserem Garten,neu,-,
das Baumhaus,mittel,In unserem Garten,neu,-,
der Apfelbaum,mittel,In unserem Garten,neu,-,
der Kirschbaum,mittel,In unserem Garten,neu,-,
schütteln,mittel,In unserem Garten,neu,-,
die Gießkanne,mittel,In unserem Garten,neu,-,
die Regentonne,mittel,In unserem Garten,neu,-,
der Gartenschlauch,mittel,In unserem Garten,neu,-,
der Strauch,mittel,In unserem Garten,neu,-,
die Johannisbeere,mittel,In unserem Garten,neu,-,
das Gemüsebeet,mittel,In unserem Garten,neu,-,
der Rhabarber,mittel,In unserem Garten,neu,-,
der Kohlrabi,mittel,In unserem Garten,neu,-,
das Radieschen,mittel,In unserem Garten,neu,-,
das Unkraut,mittel,In unserem Garten,neu,-,
die Brennnessel,mittel,In unserem Garten,neu,-,
die Blattlaus,mittel,In unserem Garten,neu,-,
die Schnecke,mittel,In unserem Garten,neu,-,
der Regenwurm,mittel,In unserem Garten,neu,-,
der Marienkäfer,mittel,In unserem Garten,neu,-,
der Zaun,mittel,In unserem Garten,neu,-,
braun,mittel,In unserem Garten,neu,-,
die Frucht,schwer,In unserem Garten,neu,-,
die Beere,schwer,In unserem Garten,neu,-,
der Nussbaum,schwer,In unserem Garten,neu,-,
der Haselnussstrauch,schwer,In unserem Garten,neu,-,
der Johannisbeerstrauch,schwer,In unserem Garten,neu,-,
die Erdbeerpflanze,schwer,In unserem Garten,neu,-,
pflanzen,schwer,In unserem Garten,neu,-,
reif,schwer,In unserem Garten,neu,-,
das Kräuterbeet,schwer,In unserem Garten,neu,-,
das Basilikum,schwer,In unserem Garten,neu,-,
die Petersilie,schwer,In unserem Garten,neu,-,
der Schnittlauch,schwer,In unserem Garten,neu,-,
der Kompost,schwer,In unserem Garten,neu,-,
der Schuppen,schwer,In unserem Garten,neu,-,
der Rasenmäher,schwer,In unserem Garten,neu,-,
der Spaten,schwer,In unserem Garten,neu,-,
umgraben,schwer,In unserem Garten,neu,-,
die Harke,schwer,In unserem Garten,neu,-,
jäten,schwer,In unserem Garten,neu,-,
der Park,leicht,Ein Nachmittag im Park,neu,-,
die Blume,leicht,Ein Nachmittag im Park,neu,-,
der Rasen,leicht,Ein Nachmittag im Park,neu,-,
die Kastanie,leicht,Ein Nachmittag im Park,neu,-,
das Blatt,leicht,Ein Nachmittag im Park,neu,-,
die Rose,leicht,Ein Nachmittag im Park,neu,-,
der Löwenzahn,leicht,Ein Nachmittag im Park,neu,-,
das Gänseblümchen,leicht,Ein Nachmittag im Park,neu,-,
der Stock,leicht,Ein Nachmittag im Park,neu,-,
das Picknick,leicht,Ein Nachmittag im Park,neu,-,
der Kletterbaum,mittel,Ein Nachmittag im Park,neu,-,
die Hecke,mittel,Ein Nachmittag im Park,neu,-,
der Schatten,mittel,Ein Nachmittag im Park,neu,-,
die Tulpe,mittel,Ein Nachmittag im Park,neu,-,
das Kleeblatt,mittel,Ein Nachmittag im Park,neu,-,
blühen,mittel,Ein Nachmittag im Park,neu,-,
die Blüten,mittel,Ein Nachmittag im Park,neu,-,
der Stiel,mittel,Ein Nachmittag im Park,neu,-,
der Stängel,mittel,Ein Nachmittag im Park,neu,-,
rosa,mittel,Ein Nachmittag im Park,neu,-,
violett,mittel,Ein Nachmittag im Park,neu,-,
orange,mittel,Ein Nachmittag im Park,neu,-,
die Hummel,mittel,Ein Nachmittag im Park,neu,-,
der Maulwurf,mittel,Ein Nachmittag im Park,neu,-,
die Liegewiese,schwer,Ein Nachmittag im Park,neu,-,
sich sonnen,schwer,Ein Nachmittag im Park,neu,-,
schattig,schwer,Ein Nachmittag im Park,neu,-,
der Parkweg,schwer,Ein Nachmittag im Park,neu,-,
schlendern,schwer,Ein Nachmittag im Park,neu,-,
die Rasenfläche,schwer,Ein Nachmittag im Park,neu,-,
die Frisbeescheibe,schwer,Ein Nachmittag im Park,neu,-,
der Goldfischteich,schwer,Ein Nachmittag im Park,neu,-,
die Pflanze,schwer,Ein Nachmittag im Park,neu,-,
die Birke,schwer,Ein Nachmittag im Park,neu,-,
die Baumkrone,schwer,Ein Nachmittag im Park,neu,-,
die Knospe,schwer,Ein Nachmittag im Park,neu,-,
der Flieder,schwer,Ein Nachmittag im Park,neu,-,
die Nelke,schwer,Ein Nachmittag im Park,neu,-,
die Narzisse,schwer,Ein Nachmittag im Park,neu,-,
verblühen,schwer,Ein Nachmittag im Park,neu,-,
verwelken,schwer,Ein Nachmittag im Park,neu,-,
die Gärtnerin,schwer,Ein Nachmittag im Park,neu,-,
der Rasensprenger,schwer,Ein Nachmittag im Park,neu,-,
die Schubkarre,schwer,Ein Nachmittag im Park,neu,-,
der Wald,leicht,Ein Spaziergang im Wald,neu,-,
der Baum,leicht,Ein Spaziergang im Wald,neu,-,
der Busch,leicht,Ein Spaziergang im Wald,neu,-,
der Pilz,leicht,Ein Spaziergang im Wald,neu,-,
giftig,leicht,Ein Spaziergang im Wald,neu,-,
der Ast,mittel,Ein Spaziergang im Wald,neu,-,
der Baumstamm,mittel,Ein Spaziergang im Wald,neu,-,
die Tanne,mittel,Ein Spaziergang im Wald,neu,-,
der Tannenzapfen,mittel,Ein Spaziergang im Wald,neu,-,
die Eiche,mittel,Ein Spaziergang im Wald,neu,-,
die Eichel,mittel,Ein Spaziergang im Wald,neu,-,
die Wurzel,mittel,Ein Spaziergang im Wald,neu,-,
der Zweig,mittel,Ein Spaziergang im Wald,neu,-,
die Rinde,mittel,Ein Spaziergang im Wald,neu,-,
das Laub,mittel,Ein Spaziergang im Wald,neu,-,
rascheln,mittel,Ein Spaziergang im Wald,neu,-,
knacken,mittel,Ein Spaziergang im Wald,neu,-,
knarren,mittel,Ein Spaziergang im Wald,neu,-,
die Blaubeere,mittel,Ein Spaziergang im Wald,neu,-,
die Brombeere,mittel,Ein Spaziergang im Wald,neu,-,
suchen,mittel,Ein Spaziergang im Wald,neu,-,
sammeln,mittel,Ein Spaziergang im Wald,neu,-,
das Moos,mittel,Ein Spaziergang im Wald,neu,-,
der Jäger,mittel,Ein Spaziergang im Wald,neu,-,
jagen,mittel,Ein Spaziergang im Wald,neu,-,
das Gebüsch,schwer,Ein Spaziergang im Wald,neu,-,
finster,schwer,Ein Spaziergang im Wald,neu,-,
der Laubbaum,schwer,Ein Spaziergang im Wald,neu,-,
die Buche,schwer,Ein Spaziergang im Wald,neu,-,
der Nadelbaum,schwer,Ein Spaziergang im Wald,neu,-,
die Kiefer,schwer,Ein Spaziergang im Wald,neu,-,
das Harz,schwer,Ein Spaziergang im Wald,neu,-,
der Farn,schwer,Ein Spaziergang im Wald,neu,-,
der Steinpilz,schwer,Ein Spaziergang im Wald,neu,-,
essbar,schwer,Ein Spaziergang im Wald,neu,-,
der Fliegenpilz,schwer,Ein Spaziergang im Wald,neu,-,
der Futterplatz,schwer,Ein Spaziergang im Wald,neu,-,
der Förster,schwer,Ein Spaziergang im Wald,neu,-,
der Waldarbeiter,schwer,Ein Spaziergang im Wald,neu,-,
die Axt,schwer,Ein Spaziergang im Wald,neu,-,
die Motorsäge,schwer,Ein Spaziergang im Wald,neu,-,
fällen,schwer,Ein Spaziergang im Wald,neu,-,
der Baumstumpf,schwer,Ein Spaziergang im Wald,neu,-,
morsch,schwer,Ein Spaziergang im Wald,neu,-,
vermodern,schwer,Ein Spaziergang im Wald,neu,-,
der Waldbrand,schwer,Ein Spaziergang im Wald,neu,-,
kahl,schwer,Ein Spaziergang im Wald,neu,-,
der Bauernhof,leicht,Auf dem Bauernhof,neu,-,
die Bäuerin,leicht,Auf dem Bauernhof,neu,-,
die Wiese,leicht,Auf dem Bauernhof,neu,-,
die Kuh,leicht,Auf dem Bauernhof,neu,-,
der Stall,leicht,Auf dem Bauernhof,neu,-,
die Scheune,leicht,Auf dem Bauernhof,neu,-,
der Misthaufen,leicht,Auf dem Bauernhof,neu,-,
der Hahn,leicht,Auf dem Bauernhof,neu,-,
das Huhn,leicht,Auf dem Bauernhof,neu,-,
die Ente,leicht,Auf dem Bauernhof,neu,-,
die Katze,leicht,Auf dem Bauernhof,neu,-,
der Traktor,leicht,Auf dem Bauernhof,neu,-,
der Anhänger,leicht,Auf dem Bauernhof,neu,-,
die Sonnenblume,leicht,Auf dem Bauernhof,neu,-,
das Dorf,mittel,Auf dem Bauernhof,neu,-,
das Feld,mittel,Auf dem Bauernhof,neu,-,
der Feldweg,mittel,Auf dem Bauernhof,neu,-,
die Weide,mittel,Auf dem Bauernhof,neu,-,
der Acker,mittel,Auf dem Bauernhof,neu,-,
die Vogelscheuche,mittel,Auf dem Bauernhof,neu,-,
verscheuchen,mittel,Auf dem Bauernhof,neu,-,
der Graben,mittel,Auf dem Bauernhof,neu,-,
der Ententeich,mittel,Auf dem Bauernhof,neu,-,
das Küken,mittel,Auf dem Bauernhof,neu,-,
der Hühnerstall,mittel,Auf dem Bauernhof,neu,-,
der Mist,mittel,Auf dem Bauernhof,neu,-,
das Korn,mittel,Auf dem Bauernhof,neu,-,
säen,mittel,Auf dem Bauernhof,neu,-,
ernten,mittel,Auf dem Bauernhof,neu,-,
das Stroh,mittel,Auf dem Bauernhof,neu,-,
der Strohballen,mittel,Auf dem Bauernhof,neu,-,
der Halm,mittel,Auf dem Bauernhof,neu,-,
das Heu,mittel,Auf dem Bauernhof,neu,-,
die Kornblume,mittel,Auf dem Bauernhof,neu,-,
der Landwirt,schwer,Auf dem Bauernhof,neu,-,
das Gewächshaus,schwer,Auf dem Bauernhof,neu,-,
der Silo,schwer,Auf dem Bauernhof,neu,-,
das Kornfeld,schwer,Auf dem Bauernhof,neu,-,
pflügen,schwer,Auf dem Bauernhof,neu,-,
der Pflug,schwer,Auf dem Bauernhof,neu,-,
ausmisten,schwer,Auf dem Bauernhof,neu,-,
der Dünger,schwer,Auf dem Bauernhof,neu,-,
düngen,schwer,Auf dem Bauernhof,neu,-,
fruchtbar,schwer,Auf dem Bauernhof,neu,-,
bewässern,schwer,Auf dem Bauernhof,neu,-,
die Ernte,schwer,Auf dem Bauernhof,neu,-,
mähen,schwer,Auf dem Bauernhof,neu,-,
dreschen,schwer,Auf dem Bauernhof,neu,-,
der Mähdrescher,schwer,Auf dem Bauernhof,neu,-,
die Rübe,schwer,Auf dem Bauernhof,neu,-,
die Zuckerrübe,schwer,Auf dem Bauernhof,neu,-,
das Wasser,leicht,Am Wasser,neu,-,
schwimmen,leicht,Am Wasser,neu,-,
das Meer,leicht,Am Wasser,neu,-,
der Fluss,leicht,Am Wasser,neu,-,
der See,leicht,Am Wasser,neu,-,
der Bach,leicht,Am Wasser,neu,-,
die Welle,leicht,Am Wasser,neu,-,
der Tropfen,leicht,Am Wasser,neu,-,
fließen,leicht,Am Wasser,neu,-,
planschen,leicht,Am Wasser,neu,-,
blau,leicht,Am Wasser,neu,-,
der Strand,leicht,Am Wasser,neu,-,
die Sandburg,leicht,Am Wasser,neu,-,
der Teich,mittel,Am Wasser,neu,-,
plätschern,mittel,Am Wasser,neu,-,
rauschen,mittel,Am Wasser,neu,-,
spritzen,mittel,Am Wasser,neu,-,
tropfen,mittel,Am Wasser,neu,-,
tauchen,mittel,Am Wasser,neu,-,
klar,mittel,Am Wasser,neu,-,
das Ufer,mittel,Am Wasser,neu,-,
der Schlamm,mittel,Am Wasser,neu,-,
feucht,mittel,Am Wasser,neu,-,
das Schilf,mittel,Am Wasser,neu,-,
angeln,mittel,Am Wasser,neu,-,
die Angel,mittel,Am Wasser,neu,-,
das Netz,mittel,Am Wasser,neu,-,
der Kescher,mittel,Am Wasser,neu,-,
der Kieselstein,mittel,Am Wasser,neu,-,
die See,schwer,Am Wasser,neu,-,
der Deich,schwer,Am Wasser,neu,-,
die Quelle,schwer,Am Wasser,neu,-,
sprudeln,schwer,Am Wasser,neu,-,
gluckern,schwer,Am Wasser,neu,-,
das Süßwasser,schwer,Am Wasser,neu,-,
das Salzwasser,schwer,Am Wasser,neu,-,
das Moor,schwer,Am Wasser,neu,-,
der Sumpf,schwer,Am Wasser,neu,-,
trüb,schwer,Am Wasser,neu,-,
das Hochwasser,schwer,Am Wasser,neu,-,
die Strömung,schwer,Am Wasser,neu,-,
überschwemmen,schwer,Am Wasser,neu,-,
austrocknen,schwer,Am Wasser,neu,-,
die Wasserpflanze,schwer,Am Wasser,neu,-,
die Alge,schwer,Am Wasser,neu,-,
der Angler,schwer,Am Wasser,neu,-,
die Angelrute,schwer,Am Wasser,neu,-,
seicht,schwer,Am Wasser,neu,-,
das Watt,schwer,Am Wasser,neu,-,
der Berg,leicht,In den Bergen,neu,-,
hoch,leicht,In den Bergen,neu,-,
der Weg,leicht,In den Bergen,neu,-,
das Tal,mittel,In den Bergen,neu,-,
auf den Berg,mittel,In den Bergen,neu,-,
steigen,mittel,In den Bergen,neu,-,
der Gipfel,mittel,In den Bergen,neu,-,
steil,mittel,In den Bergen,neu,-,
niedrig,mittel,In den Bergen,neu,-,
der Hügel,mittel,In den Bergen,neu,-,
der Felsen,mittel,In den Bergen,neu,-,
die Brücke,mittel,In den Bergen,neu,-,
der Tunnel,mittel,In den Bergen,neu,-,
die Seilbahn,mittel,In den Bergen,neu,-,
der Wasserfall,mittel,In den Bergen,neu,-,
das Echo,mittel,In den Bergen,neu,-,
wandern,mittel,In den Bergen,neu,-,
der Wanderweg,mittel,In den Bergen,neu,-,
der Wanderschuh,mittel,In den Bergen,neu,-,
der Rucksack,mittel,In den Bergen,neu,-,
das Seil,mittel,In den Bergen,neu,-,
sicher,mittel,In den Bergen,neu,-,
schwindelig,mittel,In den Bergen,neu,-,
rauf,mittel,In den Bergen,neu,-,
runter,mittel,In den Bergen,neu,-,
höher,mittel,In den Bergen,neu,-,
das Gebirge,schwer,In den Bergen,neu,-,
bergauf,schwer,In den Bergen,neu,-,
die Bergspitze,schwer,In den Bergen,neu,-,
das Gipfelkreuz,schwer,In den Bergen,neu,-,
die Aussicht,schwer,In den Bergen,neu,-,
die Höhe,schwer,In den Bergen,neu,-,
der Hang,schwer,In den Bergen,neu,-,
die Felswand,schwer,In den Bergen,neu,-,
die Schlucht,schwer,In den Bergen,neu,-,
die Höhle,schwer,In den Bergen,neu,-,
der Bergsteiger,schwer,In den Bergen,neu,-,
gefährlich,schwer,In den Bergen,neu,-,
die Sicherheit,schwer,In den Bergen,neu,-,
anseilen,schwer,In den Bergen,neu,-,
der Schwindel,schwer,In den Bergen,neu,-,
Ski fahren,schwer,In den Bergen,neu,-,
der Skilift,schwer,In den Bergen,neu,-,
die Lawine,schwer,In den Bergen,neu,-,
zwischen,schwer,In den Bergen,neu,-,
am höchsten,schwer,In den Bergen,neu,-,
der Hund,leicht,Tiere im Haus,neu,-,
das Fell,leicht,Tiere im Haus,neu,-,
bellen,leicht,Tiere im Haus,neu,-,
miauen,leicht,Tiere im Haus,neu,-,
fressen,leicht,Tiere im Haus,neu,-,
das Tier,mittel,Tiere im Haus,neu,-,
die Pfote,mittel,Tiere im Haus,neu,-,
die Kralle,mittel,Tiere im Haus,neu,-,
die Schnauze,mittel,Tiere im Haus,neu,-,
knurren,mittel,Tiere im Haus,neu,-,
heulen,mittel,Tiere im Haus,neu,-,
der Schwanz,mittel,Tiere im Haus,neu,-,
wedeln,mittel,Tiere im Haus,neu,-,
die Hundeleine,mittel,Tiere im Haus,neu,-,
das Kätzchen,mittel,Tiere im Haus,neu,-,
schnurren,mittel,Tiere im Haus,neu,-,
das Meerschweinchen,mittel,Tiere im Haus,neu,-,
der Hamster,mittel,Tiere im Haus,neu,-,
das Kaninchen,mittel,Tiere im Haus,neu,-,
die Maus,mittel,Tiere im Haus,neu,-,
der Käfig,mittel,Tiere im Haus,neu,-,
nagen,mittel,Tiere im Haus,neu,-,
schnuppern,mittel,Tiere im Haus,neu,-,
der Wellensittich,mittel,Tiere im Haus,neu,-,
piepsen,mittel,Tiere im Haus,neu,-,
zahm,mittel,Tiere im Haus,neu,-,
die Schildkröte,mittel,Tiere im Haus,neu,-,
das Futter,mittel,Tiere im Haus,neu,-,
pflegen,mittel,Tiere im Haus,neu,-,
die Laus,mittel,Tiere im Haus,neu,-,
das Haustier,schwer,Tiere im Haus,neu,-,
das Männchen,schwer,Tiere im Haus,neu,-,
das Weibchen,schwer,Tiere im Haus,neu,-,
der Welpe,schwer,Tiere im Haus,neu,-,
hecheln,schwer,Tiere im Haus,neu,-,
bissig,schwer,Tiere im Haus,neu,-,
schnappen,schwer,Tiere im Haus,neu,-,
der Maulkorb,schwer,Tiere im Haus,neu,-,
der Fressnapf,schwer,Tiere im Haus,neu,-,
die Streu,schwer,Tiere im Haus,neu,-,
der Floh,schwer,Tiere im Haus,neu,-,
der Tierarzt,schwer,Tiere im Haus,neu,-,
die Impfung,schwer,Tiere im Haus,neu,-,
das Eichhörnchen,leicht,Tiere im Wald,neu,-,
der Fuchs,leicht,Tiere im Wald,neu,-,
das Reh,leicht,Tiere im Wald,neu,-,
der Hirsch,leicht,Tiere im Wald,neu,-,
der Hase,leicht,Tiere im Wald,neu,-,
der Igel,leicht,Tiere im Wald,neu,-,
die Eule,leicht,Tiere im Wald,neu,-,
der Kuckuck,leicht,Tiere im Wald,neu,-,
der Käfer,leicht,Tiere im Wald,neu,-,
die Ameise,leicht,Tiere im Wald,neu,-,
der Wurm,leicht,Tiere im Wald,neu,-,
das Versteck,mittel,Tiere im Wald,neu,-,
die Haselnuss,mittel,Tiere im Wald,neu,-,
der Fuchsbau,mittel,Tiere im Wald,neu,-,
die Füchsin,mittel,Tiere im Wald,neu,-,
das Rehkitz,mittel,Tiere im Wald,neu,-,
das Wildschwein,mittel,Tiere im Wald,neu,-,
der Dachs,mittel,Tiere im Wald,neu,-,
der Winterschlaf,mittel,Tiere im Wald,neu,-,
die Wespe,mittel,Tiere im Wald,neu,-,
der Stachel,mittel,Tiere im Wald,neu,-,
stechen,mittel,Tiere im Wald,neu,-,
der Specht,mittel,Tiere im Wald,neu,-,
der Uhu,mittel,Tiere im Wald,neu,-,
rufen,mittel,Tiere im Wald,neu,-,
die Spinne,mittel,Tiere im Wald,neu,-,
der Mistkäfer,mittel,Tiere im Wald,neu,-,
die Zecke,mittel,Tiere im Wald,neu,-,
das Wild,schwer,Tiere im Wald,neu,-,
der Luchs,schwer,Tiere im Wald,neu,-,
die Hirschkuh,schwer,Tiere im Wald,neu,-,
das Hirschkalb,schwer,Tiere im Wald,neu,-,
der Frischling,schwer,Tiere im Wald,neu,-,
die Baumhöhle,schwer,Tiere im Wald,neu,-,
der Wintervorrat,schwer,Tiere im Wald,neu,-,
das Winterfell,schwer,Tiere im Wald,neu,-,
der Ameisenhaufen,schwer,Tiere im Wald,neu,-,
die Kreuzotter,schwer,Tiere im Wald,neu,-,
die Blindschleiche,schwer,Tiere im Wald,neu,-,
das Spinnennetz,schwer,Tiere im Wald,neu,-,
das Wespennest,schwer,Tiere im Wald,neu,-,
die Hornisse,schwer,Tiere im Wald,neu,-,
summen,schwer,Tiere im Wald,neu,-,
die Made,schwer,Tiere im Wald,neu,-,
die Tollwut,schwer,Tiere im Wald,neu,-,
das Pferd,leicht,Tiere auf dem Bauernhof,neu,-,
das Schaf,leicht,Tiere auf dem Bauernhof,neu,-,
das Schwein,leicht,Tiere auf dem Bauernhof,neu,-,
krähen,leicht,Tiere auf dem Bauernhof,neu,-,
die Biene,leicht,Tiere auf dem Bauernhof,neu,-,
die Fliege,leicht,Tiere auf dem Bauernhof,neu,-,
das Kalb,mittel,Tiere auf dem Bauernhof,neu,-,
der Stier,mittel,Tiere auf dem Bauernhof,neu,-,
das Maul,mittel,Tiere auf dem Bauernhof,neu,-,
das Euter,mittel,Tiere auf dem Bauernhof,neu,-,
das Horn,mittel,Tiere auf dem Bauernhof,neu,-,
der Huf,mittel,Tiere auf dem Bauernhof,neu,-,
melken,mittel,Tiere auf dem Bauernhof,neu,-,
muhen,mittel,Tiere auf dem Bauernhof,neu,-,
weiden,mittel,Tiere auf dem Bauernhof,neu,-,
das Fohlen,mittel,Tiere auf dem Bauernhof,neu,-,
wiehern,mittel,Tiere auf dem Bauernhof,neu,-,
der Esel,mittel,Tiere auf dem Bauernhof,neu,-,
das Lamm,mittel,Tiere auf dem Bauernhof,neu,-,
blöken,mittel,Tiere auf dem Bauernhof,neu,-,
die Ziege,mittel,Tiere auf dem Bauernhof,neu,-,
meckern,mittel,Tiere auf dem Bauernhof,neu,-,
die Sau,mittel,Tiere auf dem Bauernhof,neu,-,
das Ferkel,mittel,Tiere auf dem Bauernhof,neu,-,
Junge kriegen,mittel,Tiere auf dem Bauernhof,neu,-,
grunzen,mittel,Tiere auf dem Bauernhof,neu,-,
quieken,mittel,Tiere auf dem Bauernhof,neu,-,
die Gans,mittel,Tiere auf dem Bauernhof,neu,-,
schnattern,mittel,Tiere auf dem Bauernhof,neu,-,
gackern,mittel,Tiere auf dem Bauernhof,neu,-,
die Küken,mittel,Tiere auf dem Bauernhof,neu,-,
der Maikäfer,mittel,Tiere auf dem Bauernhof,neu,-,
die Herde,schwer,Tiere auf dem Bauernhof,neu,-,
das Rind,schwer,Tiere auf dem Bauernhof,neu,-,
die Melkmaschine,schwer,Tiere auf dem Bauernhof,neu,-,
die Tränke,schwer,Tiere auf dem Bauernhof,neu,-,
der Kuhfladen,schwer,Tiere auf dem Bauernhof,neu,-,
der Ochse,schwer,Tiere auf dem Bauernhof,neu,-,
die Stute,schwer,Tiere auf dem Bauernhof,neu,-,
der Hengst,schwer,Tiere auf dem Bauernhof,neu,-,
die Zügel,schwer,Tiere auf dem Bauernhof,neu,-,
der Sattel,schwer,Tiere auf dem Bauernhof,neu,-,
die Peitsche,schwer,Tiere auf dem Bauernhof,neu,-,
die Henne,schwer,Tiere auf dem Bauernhof,neu,-,
Eier legen,schwer,Tiere auf dem Bauernhof,neu,-,
die Ratte,schwer,Tiere auf dem Bauernhof,neu,-,
die Schwalbe,schwer,Tiere auf dem Bauernhof,neu,-,
der Hai,leicht,Tiere am und im Wasser,neu,-,
der Wal,leicht,Tiere am und im Wasser,neu,-,
der Delfin,leicht,Tiere am und im Wasser,neu,-,
der Frosch,leicht,Tiere am und im Wasser,neu,-,
der Seehund,leicht,Tiere am und im Wasser,neu,-,
der Schwan,leicht,Tiere am und im Wasser,neu,-,
die Mücke,leicht,Tiere am und im Wasser,neu,-,
fischen,mittel,Tiere am und im Wasser,neu,-,
der Hering,mittel,Tiere am und im Wasser,neu,-,
der Tintenfisch,mittel,Tiere am und im Wasser,neu,-,
die Qualle,mittel,Tiere am und im Wasser,neu,-,
die Muschel,mittel,Tiere am und im Wasser,neu,-,
der Krebs,mittel,Tiere am und im Wasser,neu,-,
die Kaulquappe,mittel,Tiere am und im Wasser,neu,-,
quaken,mittel,Tiere am und im Wasser,neu,-,
die Ringelnatter,mittel,Tiere am und im Wasser,neu,-,
der Fischer,schwer,Tiere am und im Wasser,neu,-,
der Lachs,schwer,Tiere am und im Wasser,neu,-,
die Forelle,schwer,Tiere am und im Wasser,neu,-,
der Aal,schwer,Tiere am und im Wasser,neu,-,
der Goldfisch,schwer,Tiere am und im Wasser,neu,-,
die Schuppe,schwer,Tiere am und im Wasser,neu,-,
die Flosse,schwer,Tiere am und im Wasser,neu,-,
die Kieme,schwer,Tiere am und im Wasser,neu,-,
die Gräte,schwer,Tiere am und im Wasser,neu,-,
der Krake,schwer,Tiere am und im Wasser,neu,-,
das Seepferdchen,schwer,Tiere am und im Wasser,neu,-,
der Seestern,schwer,Tiere am und im Wasser,neu,-,
die Krabbe,schwer,Tiere am und im Wasser,neu,-,
die Kröte,schwer,Tiere am und im Wasser,neu,-,
der Salamander,schwer,Tiere am und im Wasser,neu,-,
der Biber,schwer,Tiere am und im Wasser,neu,-,
der Fischotter,schwer,Tiere am und im Wasser,neu,-,
die Robbe,schwer,Tiere am und im Wasser,neu,-,
die Schwimmhäute,schwer,Tiere am und im Wasser,neu,-,
die Möwe,schwer,Tiere am und im Wasser,neu,-,
kreischen,schwer,Tiere am und im Wasser,neu,-,
die Libelle,schwer,Tiere am und im Wasser,neu,-,
die Larve,schwer,Tiere am und im Wasser,neu,-,
der Vogel,leicht,Tiere in der Luft,neu,-,
fliegen,leicht,Tiere in der Luft,neu,-,
das Nest,leicht,Tiere in der Luft,neu,-,
die Taube,leicht,Tiere in der Luft,neu,-,
der Spatz,leicht,Tiere in der Luft,neu,-,
der Rabe,leicht,Tiere in der Luft,neu,-,
zwitschern,mittel,Tiere in der Luft,neu,-,
flattern,mittel,Tiere in der Luft,neu,-,
brüten,mittel,Tiere in der Luft,neu,-,
der Flügel,mittel,Tiere in der Luft,neu,-,
die Feder,mittel,Tiere in der Luft,neu,-,
der Schnabel,mittel,Tiere in der Luft,neu,-,
der Storch,mittel,Tiere in der Luft,neu,-,
die Elster,mittel,Tiere in der Luft,neu,-,
die Amsel,mittel,Tiere in der Luft,neu,-,
die Krähe,mittel,Tiere in der Luft,neu,-,
hacken,mittel,Tiere in der Luft,neu,-,
das Vogelhäuschen,mittel,Tiere in der Luft,neu,-,
das Vogelfutter,mittel,Tiere in der Luft,neu,-,
der Schmetterling,mittel,Tiere in der Luft,neu,-,
die Fledermaus,mittel,Tiere in der Luft,neu,-,
ein Nest bauen,schwer,Tiere in der Luft,neu,-,
schlüpfen,schwer,Tiere in der Luft,neu,-,
sich aufplustern,schwer,Tiere in der Luft,neu,-,
der Zugvogel,schwer,Tiere in der Luft,neu,-,
der Schwarm,schwer,Tiere in der Luft,neu,-,
der Raubvogel,schwer,Tiere in der Luft,neu,-,
der Geier,schwer,Tiere in der Luft,neu,-,
der Falke,schwer,Tiere in der Luft,neu,-,
der Adler,schwer,Tiere in der Luft,neu,-,
schweben,schwer,Tiere in der Luft,neu,-,
kreisen,schwer,Tiere in der Luft,neu,-,
der Singvogel,schwer,Tiere in der Luft,neu,-,
das Rotkehlchen,schwer,Tiere in der Luft,neu,-,
die Meise,schwer,Tiere in der Luft,neu,-,
der Eisvogel,schwer,Tiere in der Luft,neu,-,
der Reiher,schwer,Tiere in der Luft,neu,-,
das Insekt,schwer,Tiere in der Luft,neu,-,
die Raupe,schwer,Tiere in der Luft,neu,-,
die Puppe,schwer,Tiere in der Luft,neu,-,
einspinnen,schwer,Tiere in der Luft,neu,-,
der Affe,leicht,Tiere im Zoo,neu,-,
der Elefant,leicht,Tiere im Zoo,neu,-,
der Löwe,leicht,Tiere im Zoo,neu,-,
brüllen,leicht,Tiere im Zoo,neu,-,
der Tiger,leicht,Tiere im Zoo,neu,-,
der Bär,leicht,Tiere im Zoo,neu,-,
die Schlange,leicht,Tiere im Zoo,neu,-,
wild,leicht,Tiere im Zoo,neu,-,
der Schimpanse,mittel,Tiere im Zoo,neu,-,
der Gorilla,mittel,Tiere im Zoo,neu,-,
der Orang-Utan,mittel,Tiere im Zoo,neu,-,
der Rüssel,mittel,Tiere im Zoo,neu,-,
trompeten,mittel,Tiere im Zoo,neu,-,
der Stoßzahn,mittel,Tiere im Zoo,neu,-,
stoßen,mittel,Tiere im Zoo,neu,-,
das Nashorn,mittel,Tiere im Zoo,neu,-,
der Eisbär,mittel,Tiere im Zoo,neu,-,
der Panda,mittel,Tiere im Zoo,neu,-,
das Zebra,mittel,Tiere im Zoo,neu,-,
die Giraffe,mittel,Tiere im Zoo,neu,-,
das Kamel,mittel,Tiere im Zoo,neu,-,
das Krokodil,mittel,Tiere im Zoo,neu,-,
der Pinguin,mittel,Tiere im Zoo,neu,-,
der Papagei,mittel,Tiere im Zoo,neu,-,
der Tierpfleger,mittel,Tiere im Zoo,neu,-,
frei,mittel,Tiere im Zoo,neu,-,
eingesperrt,mittel,Tiere im Zoo,neu,-,
das Gitter,mittel,Tiere im Zoo,neu,-,
das Raubtier,schwer,Tiere im Zoo,neu,-,
sich anschleichen,schwer,Tiere im Zoo,neu,-,
lauern,schwer,Tiere im Zoo,neu,-,
die Mähne,schwer,Tiere im Zoo,neu,-,
die Tatze,schwer,Tiere im Zoo,neu,-,
das Rudel,schwer,Tiere im Zoo,neu,-,
der Streifen,schwer,Tiere im Zoo,neu,-,
das Lama,schwer,Tiere im Zoo,neu,-,
der Python,schwer,Tiere im Zoo,neu,-,
kriechen,schwer,Tiere im Zoo,neu,-,
sich häuten,schwer,Tiere im Zoo,neu,-,
die Kobra,schwer,Tiere im Zoo,neu,-,
das Gift,schwer,Tiere im Zoo,neu,-,
der Giftzahn,schwer,Tiere im Zoo,neu,-,
das Stachelschwein,schwer,Tiere im Zoo,neu,-,
der Flamingo,schwer,Tiere im Zoo,neu,-,
der Strauß,schwer,Tiere im Zoo,neu,-,
das Gehege,schwer,Tiere im Zoo,neu,-,
das Aquarium,schwer,Tiere im Zoo,neu,-,
einsperren,schwer,Tiere im Zoo,neu,-,
spielen,leicht,Wir spielen,neu,-,
der Teddy,leicht,Wir spielen,neu,-,
der Bauklotz,leicht,Wir spielen,neu,-,
der Turm,leicht,Wir spielen,neu,-,
umwerfen,leicht,Wir spielen,neu,-,
das Puzzle,leicht,Wir spielen,neu,-,
machen,leicht,Wir spielen,neu,-,
das Spiel,mittel,Wir spielen,neu,-,
die Spielregel,mittel,Wir spielen,neu,-,
das Spielzeug,mittel,Wir spielen,neu,-,
mitspielen,mittel,Wir spielen,neu,-,
das Puppenhaus,mittel,Wir spielen,neu,-,
das Spielzeugauto,mittel,Wir spielen,neu,-,
die Murmel,mittel,Wir spielen,neu,-,
würfeln,mittel,Wir spielen,neu,-,
der Würfel,mittel,Wir spielen,neu,-,
die Spielfigur,mittel,Wir spielen,neu,-,
Glück haben,mittel,Wir spielen,neu,-,
gewinnen,mittel,Wir spielen,neu,-,
verlieren,mittel,Wir spielen,neu,-,
Mensch ärgere dich nicht,mittel,Wir spielen,neu,-,
Ich sehe was-was du nicht siehst,mittel,Wir spielen,neu,-,
das Rätsel,mittel,Wir spielen,neu,-,
raten,mittel,Wir spielen,neu,-,
richtig,mittel,Wir spielen,neu,-,
FALSCH,mittel,Wir spielen,neu,-,
der Mitspieler,schwer,Wir spielen,neu,-,
das Stofftier,schwer,Wir spielen,neu,-,
die Ritterburg,schwer,Wir spielen,neu,-,
die Modelleisenbahn,schwer,Wir spielen,neu,-,
die Rennbahn,schwer,Wir spielen,neu,-,
das Brettspiel,schwer,Wir spielen,neu,-,
das Domino,schwer,Wir spielen,neu,-,
das Kartenspiel,schwer,Wir spielen,neu,-,
das Quartett,schwer,Wir spielen,neu,-,
schummeln,schwer,Wir spielen,neu,-,
der Gewinner,schwer,Wir spielen,neu,-,
der Verlierer,schwer,Wir spielen,neu,-,
das Computerspiel,schwer,Wir spielen,neu,-,
der Joystick,schwer,Wir spielen,neu,-,
das Topfschlagen,schwer,Wir spielen,neu,-,
das Sackhüpfen,schwer,Wir spielen,neu,-,
malen,leicht,Wir malen und basteln,neu,-,
das Papier,leicht,Wir malen und basteln,neu,-,
der Stift,leicht,Wir malen und basteln,neu,-,
die Fingerfarbe,leicht,Wir malen und basteln,neu,-,
die Knete,leicht,Wir malen und basteln,neu,-,
kneten,leicht,Wir malen und basteln,neu,-,
kleben,leicht,Wir malen und basteln,neu,-,
rund,leicht,Wir malen und basteln,neu,-,
eckig,leicht,Wir malen und basteln,neu,-,
schneiden,leicht,Wir malen und basteln,neu,-,
bemalen,mittel,Wir malen und basteln,neu,-,
der Buntstift,mittel,Wir malen und basteln,neu,-,
der Wachsmalstift,mittel,Wir malen und basteln,neu,-,
der Filzstift,mittel,Wir malen und basteln,neu,-,
der Pinsel,mittel,Wir malen und basteln,neu,-,
die Wasserfarbe,mittel,Wir malen und basteln,neu,-,
der Malkasten,mittel,Wir malen und basteln,neu,-,
basteln,mittel,Wir malen und basteln,neu,-,
die Pappe,mittel,Wir malen und basteln,neu,-,
stecken,mittel,Wir malen und basteln,neu,-,
ausschneiden,mittel,Wir malen und basteln,neu,-,
der Klebstoff,mittel,Wir malen und basteln,neu,-,
aufkleben,mittel,Wir malen und basteln,neu,-,
bekleben,mittel,Wir malen und basteln,neu,-,
die Collage,mittel,Wir malen und basteln,neu,-,
die Schnur,mittel,Wir malen und basteln,neu,-,
schön finden,mittel,Wir malen und basteln,neu,-,
genau,mittel,Wir malen und basteln,neu,-,
zeichnen,schwer,Wir malen und basteln,neu,-,
der Bleistift,schwer,Wir malen und basteln,neu,-,
der Radiergummi,schwer,Wir malen und basteln,neu,-,
der Kugelschreiber,schwer,Wir malen und basteln,neu,-,
kritzeln,schwer,Wir malen und basteln,neu,-,
der Füller,schwer,Wir malen und basteln,neu,-,
das Lineal,schwer,Wir malen und basteln,neu,-,
eine Linie ziehen,schwer,Wir malen und basteln,neu,-,
die Form,schwer,Wir malen und basteln,neu,-,
der Kreis,schwer,Wir malen und basteln,neu,-,
das Viereck,schwer,Wir malen und basteln,neu,-,
das Dreieck,schwer,Wir malen und basteln,neu,-,
zerschneiden,schwer,Wir malen und basteln,neu,-,
das Buntpapier,schwer,Wir malen und basteln,neu,-,
falten,schwer,Wir malen und basteln,neu,-,
knicken,schwer,Wir malen und basteln,neu,-,
biegen,schwer,Wir malen und basteln,neu,-,
sorgfältig,schwer,Wir malen und basteln,neu,-,
die Schachtel,schwer,Wir malen und basteln,neu,-,
rennen,leicht,Sport macht Spaß,neu,-,
um die Wette laufen,leicht,Sport macht Spaß,neu,-,
Ball spielen,leicht,Sport macht Spaß,neu,-,
der Fußball,leicht,Sport macht Spaß,neu,-,
turnen,leicht,Sport macht Spaß,neu,-,
der Purzelbaum,leicht,Sport macht Spaß,neu,-,
die Matte,leicht,Sport macht Spaß,neu,-,
der Hüpfball,leicht,Sport macht Spaß,neu,-,
festhalten,leicht,Sport macht Spaß,neu,-,
reiten,leicht,Sport macht Spaß,neu,-,
der Sport,mittel,Sport macht Spaß,neu,-,
Fußball spielen,mittel,Sport macht Spaß,neu,-,
schießen,mittel,Sport macht Spaß,neu,-,
das Schwimmbad,mittel,Sport macht Spaß,neu,-,
der Schwimmflügel,mittel,Sport macht Spaß,neu,-,
der Schlittschuh,mittel,Sport macht Spaß,neu,-,
das Eislaufen,mittel,Sport macht Spaß,neu,-,
der Tanz,mittel,Sport macht Spaß,neu,-,
tanzen,mittel,Sport macht Spaß,neu,-,
kämpfen,mittel,Sport macht Spaß,neu,-,
der/die Beste,mittel,Sport macht Spaß,neu,-,
der/die Erste,mittel,Sport macht Spaß,neu,-,
der Lauf,schwer,Sport macht Spaß,neu,-,
der Läufer,schwer,Sport macht Spaß,neu,-,
hinken,schwer,Sport macht Spaß,neu,-,
kicken,schwer,Sport macht Spaß,neu,-,
treten,schwer,Sport macht Spaß,neu,-,
der Trainer,schwer,Sport macht Spaß,neu,-,
die Mannschaft,schwer,Sport macht Spaß,neu,-,
der Verein,schwer,Sport macht Spaß,neu,-,
das Spielfeld,schwer,Sport macht Spaß,neu,-,
Federball spielen,schwer,Sport macht Spaß,neu,-,
der Kopfstand,schwer,Sport macht Spaß,neu,-,
ein Rad schlagen,schwer,Sport macht Spaß,neu,-,
das Springseil,schwer,Sport macht Spaß,neu,-,
der Sprung,schwer,Sport macht Spaß,neu,-,
der Wurf,schwer,Sport macht Spaß,neu,-,
schaffen,schwer,Sport macht Spaß,neu,-,
der Inliner,schwer,Sport macht Spaß,neu,-,
der Tänzer,schwer,Sport macht Spaß,neu,-,
das Ballett,schwer,Sport macht Spaß,neu,-,
das Judo,schwer,Sport macht Spaß,neu,-,
das Karate,schwer,Sport macht Spaß,neu,-,
der Griff,schwer,Sport macht Spaß,neu,-,
der Sieg,schwer,Sport macht Spaß,neu,-,
siegen,schwer,Sport macht Spaß,neu,-,
das Geschrei,schwer,Sport macht Spaß,neu,-,
der Wettkampf,schwer,Sport macht Spaß,neu,-,
schlagen,schwer,Sport macht Spaß,neu,-,
die Weltmeisterschaft,schwer,Sport macht Spaß,neu,-,
lesen,leicht,Lieblingsbuch und Lieblingsfilm,neu,-,
vorlesen,leicht,Lieblingsbuch und Lieblingsfilm,neu,-,
das Buch,leicht,Lieblingsbuch und Lieblingsfilm,neu,-,
die Geschichte,leicht,Lieblingsbuch und Lieblingsfilm,neu,-,
Fernsehen gucken,leicht,Lieblingsbuch und Lieblingsfilm,neu,-,
das Sandmännchen,leicht,Lieblingsbuch und Lieblingsfilm,neu,-,
ausschalten,leicht,Lieblingsbuch und Lieblingsfilm,neu,-,
anschalten,leicht,Lieblingsbuch und Lieblingsfilm,neu,-,
umblättern,mittel,Lieblingsbuch und Lieblingsfilm,neu,-,
die Seite,mittel,Lieblingsbuch und Lieblingsfilm,neu,-,
das Lieblingsbuch,mittel,Lieblingsbuch und Lieblingsfilm,neu,-,
das Abenteuer,mittel,Lieblingsbuch und Lieblingsfilm,neu,-,
das Kinderbuch,mittel,Lieblingsbuch und Lieblingsfilm,neu,-,
das Märchenbuch,mittel,Lieblingsbuch und Lieblingsfilm,neu,-,
zuhören,mittel,Lieblingsbuch und Lieblingsfilm,neu,-,
sich fürchten,mittel,Lieblingsbuch und Lieblingsfilm,neu,-,
die Zeitung,mittel,Lieblingsbuch und Lieblingsfilm,neu,-,
knistern,mittel,Lieblingsbuch und Lieblingsfilm,neu,-,
die Sendung,mittel,Lieblingsbuch und Lieblingsfilm,neu,-,
die Kindersendung,mittel,Lieblingsbuch und Lieblingsfilm,neu,-,
der Trickfilm,mittel,Lieblingsbuch und Lieblingsfilm,neu,-,
der Märchenfilm,mittel,Lieblingsbuch und Lieblingsfilm,neu,-,
der Tierfilm,mittel,Lieblingsbuch und Lieblingsfilm,neu,-,
die Nachrichten,mittel,Lieblingsbuch und Lieblingsfilm,neu,-,
die Werbung,mittel,Lieblingsbuch und Lieblingsfilm,neu,-,
Radio hören,mittel,Lieblingsbuch und Lieblingsfilm,neu,-,
Musik hören,mittel,Lieblingsbuch und Lieblingsfilm,neu,-,
das Lied,mittel,Lieblingsbuch und Lieblingsfilm,neu,-,
blättern,schwer,Lieblingsbuch und Lieblingsfilm,neu,-,
nacherzählen,schwer,Lieblingsbuch und Lieblingsfilm,neu,-,
die Fantasie,schwer,Lieblingsbuch und Lieblingsfilm,neu,-,
vielleicht,schwer,Lieblingsbuch und Lieblingsfilm,neu,-,
das Gedicht,schwer,Lieblingsbuch und Lieblingsfilm,neu,-,
das Geheimnis,schwer,Lieblingsbuch und Lieblingsfilm,neu,-,
schweigen,schwer,Lieblingsbuch und Lieblingsfilm,neu,-,
der Witz,schwer,Lieblingsbuch und Lieblingsfilm,neu,-,
witzig,schwer,Lieblingsbuch und Lieblingsfilm,neu,-,
der Reim,schwer,Lieblingsbuch und Lieblingsfilm,neu,-,
der Text,schwer,Lieblingsbuch und Lieblingsfilm,neu,-,
die Melodie,schwer,Lieblingsbuch und Lieblingsfilm,neu,-,
das Lexikon,schwer,Lieblingsbuch und Lieblingsfilm,neu,-,
das Kinderlexikon,schwer,Lieblingsbuch und Lieblingsfilm,neu,-,
nachschlagen,schwer,Lieblingsbuch und Lieblingsfilm,neu,-,
der Sender,schwer,Lieblingsbuch und Lieblingsfilm,neu,-,
die Fernbedienung,schwer,Lieblingsbuch und Lieblingsfilm,neu,-,
das Programm,schwer,Lieblingsbuch und Lieblingsfilm,neu,-,
wegfahren,leicht,Wir fahren in den Urlaub,neu,-,
das Hotel,leicht,Wir fahren in den Urlaub,neu,-,
der Campingplatz,leicht,Wir fahren in den Urlaub,neu,-,
das Zelt aufbauen,leicht,Wir fahren in den Urlaub,neu,-,
die Luftmatratze,leicht,Wir fahren in den Urlaub,neu,-,
der Koffer,leicht,Wir fahren in den Urlaub,neu,-,
die Sonnenbrille,leicht,Wir fahren in den Urlaub,neu,-,
das Foto,leicht,Wir fahren in den Urlaub,neu,-,
in Urlaub fahren,mittel,Wir fahren in den Urlaub,neu,-,
packen,mittel,Wir fahren in den Urlaub,neu,-,
mitnehmen,mittel,Wir fahren in den Urlaub,neu,-,
auspacken,mittel,Wir fahren in den Urlaub,neu,-,
fehlen,mittel,Wir fahren in den Urlaub,neu,-,
das Ferienhaus,mittel,Wir fahren in den Urlaub,neu,-,
die Pension,mittel,Wir fahren in den Urlaub,neu,-,
der Campingwagen,mittel,Wir fahren in den Urlaub,neu,-,
zelten,mittel,Wir fahren in den Urlaub,neu,-,
die Sonnencreme,mittel,Wir fahren in den Urlaub,neu,-,
der Sonnenbrand,mittel,Wir fahren in den Urlaub,neu,-,
der Sonnenschirm,mittel,Wir fahren in den Urlaub,neu,-,
toben,mittel,Wir fahren in den Urlaub,neu,-,
faulenzen,mittel,Wir fahren in den Urlaub,neu,-,
die Postkarte,mittel,Wir fahren in den Urlaub,neu,-,
fotografieren,mittel,Wir fahren in den Urlaub,neu,-,
das Fotoalbum,mittel,Wir fahren in den Urlaub,neu,-,
einkleben,mittel,Wir fahren in den Urlaub,neu,-,
der Sommerurlaub,schwer,Wir fahren in den Urlaub,neu,-,
verreisen,schwer,Wir fahren in den Urlaub,neu,-,
das Reisebüro,schwer,Wir fahren in den Urlaub,neu,-,
die Landkarte,schwer,Wir fahren in den Urlaub,neu,-,
der Urlaubsort,schwer,Wir fahren in den Urlaub,neu,-,
aussuchen,schwer,Wir fahren in den Urlaub,neu,-,
buchen,schwer,Wir fahren in den Urlaub,neu,-,
die Reisetasche,schwer,Wir fahren in den Urlaub,neu,-,
das Gepäck,schwer,Wir fahren in den Urlaub,neu,-,
der Pass,schwer,Wir fahren in den Urlaub,neu,-,
die Passkontrolle,schwer,Wir fahren in den Urlaub,neu,-,
der Zimmerschlüssel,schwer,Wir fahren in den Urlaub,neu,-,
der Zeltplatz,schwer,Wir fahren in den Urlaub,neu,-,
die Zeltstange,schwer,Wir fahren in den Urlaub,neu,-,
erholen,schwer,Wir fahren in den Urlaub,neu,-,
sich ausruhen,schwer,Wir fahren in den Urlaub,neu,-,
der Fotoapparat,schwer,Wir fahren in den Urlaub,neu,-,
die Digitalkamera,schwer,Wir fahren in den Urlaub,neu,-,
spazieren gehen,leicht,Wir machen einen Ausflug,neu,-,
die Trinkflasche,leicht,Wir machen einen Ausflug,neu,-,
der Zoo,leicht,Wir machen einen Ausflug,neu,-,
der Zirkus,leicht,Wir machen einen Ausflug,neu,-,
der Clown,leicht,Wir machen einen Ausflug,neu,-,
wohin,leicht,Wir machen einen Ausflug,neu,-,
der Ausflug,mittel,Wir machen einen Ausflug,neu,-,
der Spaziergang,mittel,Wir machen einen Ausflug,neu,-,
die Gruppe,mittel,Wir machen einen Ausflug,neu,-,
zu zweit,mittel,Wir machen einen Ausflug,neu,-,
zurückbleiben,mittel,Wir machen einen Ausflug,neu,-,
sich verlaufen,mittel,Wir machen einen Ausflug,neu,-,
finden,mittel,Wir machen einen Ausflug,neu,-,
die Schatzsuche,mittel,Wir machen einen Ausflug,neu,-,
der Picknickkorb,mittel,Wir machen einen Ausflug,neu,-,
das Theater,mittel,Wir machen einen Ausflug,neu,-,
der Kasper,mittel,Wir machen einen Ausflug,neu,-,
der Räuber,mittel,Wir machen einen Ausflug,neu,-,
die Waffe,mittel,Wir machen einen Ausflug,neu,-,
der Pfeil,mittel,Wir machen einen Ausflug,neu,-,
der Bogen,mittel,Wir machen einen Ausflug,neu,-,
der Speer,mittel,Wir machen einen Ausflug,neu,-,
schleichen,mittel,Wir machen einen Ausflug,neu,-,
stolz,mittel,Wir machen einen Ausflug,neu,-,
das Pony,mittel,Wir machen einen Ausflug,neu,-,
auskundschaften,schwer,Wir machen einen Ausflug,neu,-,
die Umgebung,schwer,Wir machen einen Ausflug,neu,-,
das Ziel,schwer,Wir machen einen Ausflug,neu,-,
planen,schwer,Wir machen einen Ausflug,neu,-,
vorhaben,schwer,Wir machen einen Ausflug,neu,-,
die Schnitzeljagd,schwer,Wir machen einen Ausflug,neu,-,
das Kindertheater,schwer,Wir machen einen Ausflug,neu,-,
der Vorhang,schwer,Wir machen einen Ausflug,neu,-,
das Puppentheater,schwer,Wir machen einen Ausflug,neu,-,
die Marionette,schwer,Wir machen einen Ausflug,neu,-,
die Manege,schwer,Wir machen einen Ausflug,neu,-,
der Zirkusdirektor,schwer,Wir machen einen Ausflug,neu,-,
der Akrobat,schwer,Wir machen einen Ausflug,neu,-,
das Museumsdorf,schwer,Wir machen einen Ausflug,neu,-,
damals,schwer,Wir machen einen Ausflug,neu,-,
die Hütte,schwer,Wir machen einen Ausflug,neu,-,
das Lagerfeuer,schwer,Wir machen einen Ausflug,neu,-,
hängen,leicht,Ein Tag im Museum,neu,-,
der Dino,leicht,Ein Tag im Museum,neu,-,
staunen,leicht,Ein Tag im Museum,neu,-,
wann,leicht,Ein Tag im Museum,neu,-,
das Museum,mittel,Ein Tag im Museum,neu,-,
die Eintrittskarte,mittel,Ein Tag im Museum,neu,-,
sich vorstellen,mittel,Ein Tag im Museum,neu,-,
der Dinosaurier,mittel,Ein Tag im Museum,neu,-,
das Mammut,mittel,Ein Tag im Museum,neu,-,
riesig,mittel,Ein Tag im Museum,neu,-,
trampeln,mittel,Ein Tag im Museum,neu,-,
die Eiszeit,mittel,Ein Tag im Museum,neu,-,
vor langer Zeit,mittel,Ein Tag im Museum,neu,-,
verschwinden,mittel,Ein Tag im Museum,neu,-,
der Eintritt,schwer,Ein Tag im Museum,neu,-,
besichtigen,schwer,Ein Tag im Museum,neu,-,
bedeuten,schwer,Ein Tag im Museum,neu,-,
die Ausstellung,schwer,Ein Tag im Museum,neu,-,
die Figur,schwer,Ein Tag im Museum,neu,-,
die Statue,schwer,Ein Tag im Museum,neu,-,
die Zeichnung,schwer,Ein Tag im Museum,neu,-,
der Künstler,schwer,Ein Tag im Museum,neu,-,
herrschen,schwer,Ein Tag im Museum,neu,-,
die Herrscherin,schwer,Ein Tag im Museum,neu,-,
der Steinzeitmensch,schwer,Ein Tag im Museum,neu,-,
der Neandertaler,schwer,Ein Tag im Museum,neu,-,
Ägypten,schwer,Ein Tag im Museum,neu,-,
die Ägypterin,schwer,Ein Tag im Museum,neu,-,
der Pharao,schwer,Ein Tag im Museum,neu,-,
die Pyramide,schwer,Ein Tag im Museum,neu,-,
die Mumie,schwer,Ein Tag im Museum,neu,-,
der Römer,schwer,Ein Tag im Museum,neu,-,
die Griechin,schwer,Ein Tag im Museum,neu,-,
der Tempel,schwer,Ein Tag im Museum,neu,-,
die Göttin,schwer,Ein Tag im Museum,neu,-,
der Krieger,schwer,Ein Tag im Museum,neu,-,
aussterben,schwer,Ein Tag im Museum,neu,-,
versuchen,leicht,Wir machen ein Experiment,neu,-,
passieren,leicht,Wir machen ein Experiment,neu,-,
eins,leicht,Wir machen ein Experiment,neu,-,
zwei,leicht,Wir machen ein Experiment,neu,-,
drei,leicht,Wir machen ein Experiment,neu,-,
noch mal,leicht,Wir machen ein Experiment,neu,-,
was,leicht,Wir machen ein Experiment,neu,-,
wer,leicht,Wir machen ein Experiment,neu,-,
wo,leicht,Wir machen ein Experiment,neu,-,
mischen,mittel,Wir machen ein Experiment,neu,-,
der Versuch,mittel,Wir machen ein Experiment,neu,-,
herausfinden,mittel,Wir machen ein Experiment,neu,-,
die Lupe,mittel,Wir machen ein Experiment,neu,-,
forschen,mittel,Wir machen ein Experiment,neu,-,
erfinden,mittel,Wir machen ein Experiment,neu,-,
erklären,mittel,Wir machen ein Experiment,neu,-,
wissen,mittel,Wir machen ein Experiment,neu,-,
wiegen,mittel,Wir machen ein Experiment,neu,-,
neugierig,mittel,Wir machen ein Experiment,neu,-,
geduldig,mittel,Wir machen ein Experiment,neu,-,
schlau,mittel,Wir machen ein Experiment,neu,-,
warum,mittel,Wir machen ein Experiment,neu,-,
wie,mittel,Wir machen ein Experiment,neu,-,
am meisten,mittel,Wir machen ein Experiment,neu,-,
doch,mittel,Wir machen ein Experiment,neu,-,
Fragen stellen,schwer,Wir machen ein Experiment,neu,-,
das Experiment,schwer,Wir machen ein Experiment,neu,-,
das Labor,schwer,Wir machen ein Experiment,neu,-,
die Pinzette,schwer,Wir machen ein Experiment,neu,-,
der Apparat,schwer,Wir machen ein Experiment,neu,-,
konstruieren,schwer,Wir machen ein Experiment,neu,-,
die Forscherin,schwer,Wir machen ein Experiment,neu,-,
sich interessieren für,schwer,Wir machen ein Experiment,neu,-,
wiederholen,schwer,Wir machen ein Experiment,neu,-,
prüfen,schwer,Wir machen ein Experiment,neu,-,
messen,schwer,Wir machen ein Experiment,neu,-,
erkennen,schwer,Wir machen ein Experiment,neu,-,
der Wissenschaftler,schwer,Wir machen ein Experiment,neu,-,
der Entdecker,schwer,Wir machen ein Experiment,neu,-,
entdecken,schwer,Wir machen ein Experiment,neu,-,
begreifen,schwer,Wir machen ein Experiment,neu,-,
klug,schwer,Wir machen ein Experiment,neu,-,
das Interesse,schwer,Wir machen ein Experiment,neu,-,
die Erklärung,schwer,Wir machen ein Experiment,neu,-,
der Zufall,schwer,Wir machen ein Experiment,neu,-,
welcher-welche-welches,schwer,Wir machen ein Experiment,neu,-,
wieso,schwer,Wir machen ein Experiment,neu,-,
weil,schwer,Wir machen ein Experiment,neu,-,
wenn ...dann ...,schwer,Wir machen ein Experiment,neu,-,
weshalb,schwer,Wir machen ein Experiment,neu,-,
die Schule,leicht,Bald gehe ich in die Schule,neu,-,
schreiben,leicht,Bald gehe ich in die Schule,neu,-,
können,leicht,Bald gehe ich in die Schule,neu,-,
die Kreide,leicht,Bald gehe ich in die Schule,neu,-,
die Ferien,mittel,Bald gehe ich in die Schule,neu,-,
die Klasse,mittel,Bald gehe ich in die Schule,neu,-,
der Schüler,mittel,Bald gehe ich in die Schule,neu,-,
das Schulkind,mittel,Bald gehe ich in die Schule,neu,-,
die Lehrerin,mittel,Bald gehe ich in die Schule,neu,-,
streng,mittel,Bald gehe ich in die Schule,neu,-,
das Heft,mittel,Bald gehe ich in die Schule,neu,-,
die Tafel,mittel,Bald gehe ich in die Schule,neu,-,
der Buchstabe,mittel,Bald gehe ich in die Schule,neu,-,
das Wort,mittel,Bald gehe ich in die Schule,neu,-,
die Zahl,mittel,Bald gehe ich in die Schule,neu,-,
die Pause,mittel,Bald gehe ich in die Schule,neu,-,
der Schulhof,mittel,Bald gehe ich in die Schule,neu,-,
lernen,mittel,Bald gehe ich in die Schule,neu,-,
rechnen,mittel,Bald gehe ich in die Schule,neu,-,
üben,mittel,Bald gehe ich in die Schule,neu,-,
sich anstrengen,mittel,Bald gehe ich in die Schule,neu,-,
die Schultüte,schwer,Bald gehe ich in die Schule,neu,-,
schüchtern,schwer,Bald gehe ich in die Schule,neu,-,
die Schultasche,schwer,Bald gehe ich in die Schule,neu,-,
das Schulbuch,schwer,Bald gehe ich in die Schule,neu,-,
das Mäppchen,schwer,Bald gehe ich in die Schule,neu,-,
das Pausenbrot,schwer,Bald gehe ich in die Schule,neu,-,
der Schulbus,schwer,Bald gehe ich in die Schule,neu,-,
der Schulweg,schwer,Bald gehe ich in die Schule,neu,-,
das Klassenzimmer,schwer,Bald gehe ich in die Schule,neu,-,
der Sportplatz,schwer,Bald gehe ich in die Schule,neu,-,
die Turnhalle,schwer,Bald gehe ich in die Schule,neu,-,
der Mitschüler,schwer,Bald gehe ich in die Schule,neu,-,
zu spät kommen,schwer,Bald gehe ich in die Schule,neu,-,
verschlafen,schwer,Bald gehe ich in die Schule,neu,-,
die Schulstunde,schwer,Bald gehe ich in die Schule,neu,-,
das Arbeitsblatt,schwer,Bald gehe ich in die Schule,neu,-,
das Zeugnis,schwer,Bald gehe ich in die Schule,neu,-,
der Stundenplan,schwer,Bald gehe ich in die Schule,neu,-,
der Hausmeister,schwer,Bald gehe ich in die Schule,neu,-,
die Polizei,leicht,Bei Polizei und Feuerwehr,neu,-,
die Polizistin,leicht,Bei Polizei und Feuerwehr,neu,-,
das Polizeiauto,leicht,Bei Polizei und Feuerwehr,neu,-,
die Sirene,leicht,Bei Polizei und Feuerwehr,neu,-,
klauen,leicht,Bei Polizei und Feuerwehr,neu,-,
das Feuer,leicht,Bei Polizei und Feuerwehr,neu,-,
brennen,leicht,Bei Polizei und Feuerwehr,neu,-,
löschen,leicht,Bei Polizei und Feuerwehr,neu,-,
die Feuerwehr,leicht,Bei Polizei und Feuerwehr,neu,-,
retten,leicht,Bei Polizei und Feuerwehr,neu,-,
die Wache,mittel,Bei Polizei und Feuerwehr,neu,-,
das Blaulicht,mittel,Bei Polizei und Feuerwehr,neu,-,
das Polizeiboot,mittel,Bei Polizei und Feuerwehr,neu,-,
die Uniform,mittel,Bei Polizei und Feuerwehr,neu,-,
die Pistole,mittel,Bei Polizei und Feuerwehr,neu,-,
die Handschellen,mittel,Bei Polizei und Feuerwehr,neu,-,
der Dieb,mittel,Bei Polizei und Feuerwehr,neu,-,
das Gefängnis,mittel,Bei Polizei und Feuerwehr,neu,-,
der Unfall,mittel,Bei Polizei und Feuerwehr,neu,-,
der Feuerwehrmann,mittel,Bei Polizei und Feuerwehr,neu,-,
der Helm,mittel,Bei Polizei und Feuerwehr,neu,-,
die Taschenlampe,mittel,Bei Polizei und Feuerwehr,neu,-,
das Feuerwehrauto,mittel,Bei Polizei und Feuerwehr,neu,-,
das Streichholz,mittel,Bei Polizei und Feuerwehr,neu,-,
die Flamme,mittel,Bei Polizei und Feuerwehr,neu,-,
der Rauch,mittel,Bei Polizei und Feuerwehr,neu,-,
der Schlauch,mittel,Bei Polizei und Feuerwehr,neu,-,
die Polizeiwache,schwer,Bei Polizei und Feuerwehr,neu,-,
die Verkehrspolizei,schwer,Bei Polizei und Feuerwehr,neu,-,
der Strafzettel,schwer,Bei Polizei und Feuerwehr,neu,-,
der Polizeihund,schwer,Bei Polizei und Feuerwehr,neu,-,
der Schutz,schwer,Bei Polizei und Feuerwehr,neu,-,
bewachen,schwer,Bei Polizei und Feuerwehr,neu,-,
der Verbrecher,schwer,Bei Polizei und Feuerwehr,neu,-,
die Spur,schwer,Bei Polizei und Feuerwehr,neu,-,
verdächtig,schwer,Bei Polizei und Feuerwehr,neu,-,
festnehmen,schwer,Bei Polizei und Feuerwehr,neu,-,
der Taschendieb,schwer,Bei Polizei und Feuerwehr,neu,-,
der Ladendiebstahl,schwer,Bei Polizei und Feuerwehr,neu,-,
erwischen,schwer,Bei Polizei und Feuerwehr,neu,-,
anzeigen,schwer,Bei Polizei und Feuerwehr,neu,-,
der Einbruch,schwer,Bei Polizei und Feuerwehr,neu,-,
stehlen,schwer,Bei Polizei und Feuerwehr,neu,-,
der Schaden,schwer,Bei Polizei und Feuerwehr,neu,-,
der Steckbrief,schwer,Bei Polizei und Feuerwehr,neu,-,
die Gefangene,schwer,Bei Polizei und Feuerwehr,neu,-,
verhören,schwer,Bei Polizei und Feuerwehr,neu,-,
der Notruf,schwer,Bei Polizei und Feuerwehr,neu,-,
ausfahren,schwer,Bei Polizei und Feuerwehr,neu,-,
der Feueralarm,schwer,Bei Polizei und Feuerwehr,neu,-,
der Doktor,leicht,Im Krankenhaus,neu,-,
der Krankenwagen,leicht,Im Krankenhaus,neu,-,
das Krankenhaus,leicht,Im Krankenhaus,neu,-,
die Krankenschwester,leicht,Im Krankenhaus,neu,-,
der Arzt,mittel,Im Krankenhaus,neu,-,
die Kinderärztin,mittel,Im Krankenhaus,neu,-,
die Arzthelferin,mittel,Im Krankenhaus,neu,-,
der Kittel,mittel,Im Krankenhaus,neu,-,
weiß,mittel,Im Krankenhaus,neu,-,
der Notfall,mittel,Im Krankenhaus,neu,-,
der Verband,mittel,Im Krankenhaus,neu,-,
die Watte,mittel,Im Krankenhaus,neu,-,
der Ausschlag,mittel,Im Krankenhaus,neu,-,
einreiben,mittel,Im Krankenhaus,neu,-,
der Augenarzt,schwer,Im Krankenhaus,neu,-,
der Ohrenarzt,schwer,Im Krankenhaus,neu,-,
die Praxis,schwer,Im Krankenhaus,neu,-,
die Kinderklinik,schwer,Im Krankenhaus,neu,-,
der Patient,schwer,Im Krankenhaus,neu,-,
der Pfleger,schwer,Im Krankenhaus,neu,-,
das Krankenzimmer,schwer,Im Krankenhaus,neu,-,
die Untersuchung,schwer,Im Krankenhaus,neu,-,
das Stethoskop,schwer,Im Krankenhaus,neu,-,
abhören,schwer,Im Krankenhaus,neu,-,
das Krankenbett,schwer,Im Krankenhaus,neu,-,
betäuben,schwer,Im Krankenhaus,neu,-,
die Operation,schwer,Im Krankenhaus,neu,-,
operieren,schwer,Im Krankenhaus,neu,-,
der Operationssaal,schwer,Im Krankenhaus,neu,-,
die Mandeln,schwer,Im Krankenhaus,neu,-,
rausnehmen,schwer,Im Krankenhaus,neu,-,
die Blinddarmentzündung,schwer,Im Krankenhaus,neu,-,
der Beinbruch,schwer,Im Krankenhaus,neu,-,
röntgen,schwer,Im Krankenhaus,neu,-,
der Gips,schwer,Im Krankenhaus,neu,-,
eingipsen,schwer,Im Krankenhaus,neu,-,
die Krücke,schwer,Im Krankenhaus,neu,-,
der Rollstuhl,schwer,Im Krankenhaus,neu,-,
damit,schwer,Im Krankenhaus,neu,-,
der Arbeiter,leicht,In der Fabrik,neu,-,
arbeiten,leicht,In der Fabrik,neu,-,
die Fabrik,leicht,In der Fabrik,neu,-,
die Maschine,leicht,In der Fabrik,neu,-,
der Roboter,leicht,In der Fabrik,neu,-,
die Werkstatt,mittel,In der Fabrik,neu,-,
der Meister,mittel,In der Fabrik,neu,-,
der Job,mittel,In der Fabrik,neu,-,
das Lager,mittel,In der Fabrik,neu,-,
die Stange,mittel,In der Fabrik,neu,-,
das Eisen,mittel,In der Fabrik,neu,-,
das Plastik,mittel,In der Fabrik,neu,-,
der/das Gummi,mittel,In der Fabrik,neu,-,
das Werk,schwer,In der Fabrik,neu,-,
die Direktorin,schwer,In der Fabrik,neu,-,
der Schmied,schwer,In der Fabrik,neu,-,
der Schreiner,schwer,In der Fabrik,neu,-,
die Halle,schwer,In der Fabrik,neu,-,
das Fließband,schwer,In der Fabrik,neu,-,
das Werkzeug,schwer,In der Fabrik,neu,-,
die Feile,schwer,In der Fabrik,neu,-,
die Bohrmaschine,schwer,In der Fabrik,neu,-,
der Schraubstock,schwer,In der Fabrik,neu,-,
herstellen,schwer,In der Fabrik,neu,-,
eine Maschine,schwer,In der Fabrik,neu,-,
bedienen,schwer,In der Fabrik,neu,-,
der Lagerraum,schwer,In der Fabrik,neu,-,
sortieren,schwer,In der Fabrik,neu,-,
das Bergwerk,schwer,In der Fabrik,neu,-,
das Metall,schwer,In der Fabrik,neu,-,
die Kohle,schwer,In der Fabrik,neu,-,
das Gas,schwer,In der Fabrik,neu,-,
der Kunststoff,schwer,In der Fabrik,neu,-,
arbeitslos,schwer,In der Fabrik,neu,-,
der Streik,schwer,In der Fabrik,neu,-,
der Lohn,schwer,In der Fabrik,neu,-,
verdienen,schwer,In der Fabrik,neu,-,
die Kantine,schwer,In der Fabrik,neu,-,
die Arbeit,leicht,Im Büro,neu,-,
das Büro,leicht,Im Büro,neu,-,
der Brief,leicht,Im Büro,neu,-,
der Computer,mittel,Im Büro,neu,-,
der Bildschirm,mittel,Im Büro,neu,-,
das Kabel,mittel,Im Büro,neu,-,
klicken,mittel,Im Büro,neu,-,
der/das Laptop,mittel,Im Büro,neu,-,
die E-Mail,mittel,Im Büro,neu,-,
schicken,mittel,Im Büro,neu,-,
telefonieren,mittel,Im Büro,neu,-,
das Handy,mittel,Im Büro,neu,-,
der Chef,mittel,Im Büro,neu,-,
die Post,mittel,Im Büro,neu,-,
der Briefträger,mittel,Im Büro,neu,-,
das Klebeband,mittel,Im Büro,neu,-,
der Beruf,schwer,Im Büro,neu,-,
die Firma,schwer,Im Büro,neu,-,
der Rechner,schwer,Im Büro,neu,-,
die Tastatur,schwer,Im Büro,neu,-,
tippen,schwer,Im Büro,neu,-,
eingeben,schwer,Im Büro,neu,-,
die Datei,schwer,Im Büro,neu,-,
sichern,schwer,Im Büro,neu,-,
anklicken,schwer,Im Büro,neu,-,
drucken,schwer,Im Büro,neu,-,
der Drucker,schwer,Im Büro,neu,-,
das Internet,schwer,Im Büro,neu,-,
der Ordner,schwer,Im Büro,neu,-,
die Rechnung,schwer,Im Büro,neu,-,
die Verabredung,schwer,Im Büro,neu,-,
entscheiden,schwer,Im Büro,neu,-,
das Team,schwer,Im Büro,neu,-,
der Kollege,schwer,Im Büro,neu,-,
die Sekretärin,schwer,Im Büro,neu,-,
der Mitarbeiter,schwer,Im Büro,neu,-,
das Päckchen,schwer,Im Büro,neu,-,
der Umschlag,schwer,Im Büro,neu,-,
das Konto,schwer,Im Büro,neu,-,
das Sparbuch,schwer,Im Büro,neu,-,
arm,schwer,Im Büro,neu,-,
reich,schwer,Im Büro,neu,-,
der Müll,leicht,Rund um das Rathaus,neu,-,
das Müllauto,leicht,Rund um das Rathaus,neu,-,
der Müllmann,leicht,Rund um das Rathaus,neu,-,
das Rathaus,mittel,Rund um das Rathaus,neu,-,
der Pfarrer,mittel,Rund um das Rathaus,neu,-,
die Müllabfuhr,mittel,Rund um das Rathaus,neu,-,
wegwerfen,mittel,Rund um das Rathaus,neu,-,
kehren,mittel,Rund um das Rathaus,neu,-,
die Kehrmaschine,mittel,Rund um das Rathaus,neu,-,
die Bürgermeisterin,schwer,Rund um das Rathaus,neu,-,
der Politiker,schwer,Rund um das Rathaus,neu,-,
der Bürger,schwer,Rund um das Rathaus,neu,-,
der Migrant,schwer,Rund um das Rathaus,neu,-,
der Einwanderer,schwer,Rund um das Rathaus,neu,-,
der Flüchtling,schwer,Rund um das Rathaus,neu,-,
der Beamte,schwer,Rund um das Rathaus,neu,-,
das Amt,schwer,Rund um das Rathaus,neu,-,
die Steuer,schwer,Rund um das Rathaus,neu,-,
die Urkunde,schwer,Rund um das Rathaus,neu,-,
unterschreiben,schwer,Rund um das Rathaus,neu,-,
der Personalausweis,schwer,Rund um das Rathaus,neu,-,
melden,schwer,Rund um das Rathaus,neu,-,
anmelden,schwer,Rund um das Rathaus,neu,-,
abmelden,schwer,Rund um das Rathaus,neu,-,
das Sozialamt,schwer,Rund um das Rathaus,neu,-,
das Arbeitsamt,schwer,Rund um das Rathaus,neu,-,
das Gericht,schwer,Rund um das Rathaus,neu,-,
der Richter,schwer,Rund um das Rathaus,neu,-,
das Gesetz,schwer,Rund um das Rathaus,neu,-,
vor Gericht stehen,schwer,Rund um das Rathaus,neu,-,
beraten,schwer,Rund um das Rathaus,neu,-,
die Mülltrennung,schwer,Rund um das Rathaus,neu,-,
der Glascontainer,schwer,Rund um das Rathaus,neu,-,
der Sperrmüll,schwer,Rund um das Rathaus,neu,-,
das Altpapier,schwer,Rund um das Rathaus,neu,-,
an der Hand gehen,leicht,Zu Fuß und mit dem Fahrrad unterwegs,neu,-,
über die Straße gehen,leicht,Zu Fuß und mit dem Fahrrad unterwegs,neu,-,
stehen bleiben,leicht,Zu Fuß und mit dem Fahrrad unterwegs,neu,-,
das Auto,leicht,Zu Fuß und mit dem Fahrrad unterwegs,neu,-,
die Ampel,leicht,Zu Fuß und mit dem Fahrrad unterwegs,neu,-,
rot,leicht,Zu Fuß und mit dem Fahrrad unterwegs,neu,-,
gelb,leicht,Zu Fuß und mit dem Fahrrad unterwegs,neu,-,
grün,leicht,Zu Fuß und mit dem Fahrrad unterwegs,neu,-,
warten,leicht,Zu Fuß und mit dem Fahrrad unterwegs,neu,-,
das Fahrrad,leicht,Zu Fuß und mit dem Fahrrad unterwegs,neu,-,
schnell,leicht,Zu Fuß und mit dem Fahrrad unterwegs,neu,-,
langsam,leicht,Zu Fuß und mit dem Fahrrad unterwegs,neu,-,
die Pfütze,leicht,Zu Fuß und mit dem Fahrrad unterwegs,neu,-,
die Fußgängerin,mittel,Zu Fuß und mit dem Fahrrad unterwegs,neu,-,
das Ampelmännchen,mittel,Zu Fuß und mit dem Fahrrad unterwegs,neu,-,
der Zebrastreifen,mittel,Zu Fuß und mit dem Fahrrad unterwegs,neu,-,
sich umschauen,mittel,Zu Fuß und mit dem Fahrrad unterwegs,neu,-,
aufpassen,mittel,Zu Fuß und mit dem Fahrrad unterwegs,neu,-,
ausweichen,mittel,Zu Fuß und mit dem Fahrrad unterwegs,neu,-,
der Radweg,mittel,Zu Fuß und mit dem Fahrrad unterwegs,neu,-,
der Fahrradhelm,mittel,Zu Fuß und mit dem Fahrrad unterwegs,neu,-,
der Lenker,mittel,Zu Fuß und mit dem Fahrrad unterwegs,neu,-,
lenken,mittel,Zu Fuß und mit dem Fahrrad unterwegs,neu,-,
die Bremse,mittel,Zu Fuß und mit dem Fahrrad unterwegs,neu,-,
bremsen,mittel,Zu Fuß und mit dem Fahrrad unterwegs,neu,-,
anhalten,mittel,Zu Fuß und mit dem Fahrrad unterwegs,neu,-,
die Pedale,mittel,Zu Fuß und mit dem Fahrrad unterwegs,neu,-,
die Speiche,mittel,Zu Fuß und mit dem Fahrrad unterwegs,neu,-,
rutschig,mittel,Zu Fuß und mit dem Fahrrad unterwegs,neu,-,
verboten,mittel,Zu Fuß und mit dem Fahrrad unterwegs,neu,-,
die Fußgängerampel,schwer,Zu Fuß und mit dem Fahrrad unterwegs,neu,-,
die Fußgängerzone,schwer,Zu Fuß und mit dem Fahrrad unterwegs,neu,-,
der Bordstein,schwer,Zu Fuß und mit dem Fahrrad unterwegs,neu,-,
geradeaus,schwer,Zu Fuß und mit dem Fahrrad unterwegs,neu,-,
abbiegen,schwer,Zu Fuß und mit dem Fahrrad unterwegs,neu,-,
rechts,schwer,Zu Fuß und mit dem Fahrrad unterwegs,neu,-,
links,schwer,Zu Fuß und mit dem Fahrrad unterwegs,neu,-,
das Verbot,schwer,Zu Fuß und mit dem Fahrrad unterwegs,neu,-,
das Verkehrsschild,schwer,Zu Fuß und mit dem Fahrrad unterwegs,neu,-,
die Vorfahrt,schwer,Zu Fuß und mit dem Fahrrad unterwegs,neu,-,
leichtsinnig,schwer,Zu Fuß und mit dem Fahrrad unterwegs,neu,-,
denn,schwer,Zu Fuß und mit dem Fahrrad unterwegs,neu,-,
der Bus,leicht,Auf der Straße,neu,-,
das Rad,leicht,Auf der Straße,neu,-,
fahren,leicht,Auf der Straße,neu,-,
hupen,leicht,Auf der Straße,neu,-,
die Ecke,mittel,Auf der Straße,neu,-,
die Kreuzung,mittel,Auf der Straße,neu,-,
die Fahrbahn,mittel,Auf der Straße,neu,-,
die Spielstraße,mittel,Auf der Straße,neu,-,
vorsichtig,mittel,Auf der Straße,neu,-,
der Wagen,mittel,Auf der Straße,neu,-,
der Busfahrer,mittel,Auf der Straße,neu,-,
das Motorrad,mittel,Auf der Straße,neu,-,
das Taxi,mittel,Auf der Straße,neu,-,
der Stau,mittel,Auf der Straße,neu,-,
weiterfahren,mittel,Auf der Straße,neu,-,
überholen,mittel,Auf der Straße,neu,-,
rasen,mittel,Auf der Straße,neu,-,
zusammenstoßen,mittel,Auf der Straße,neu,-,
parken,mittel,Auf der Straße,neu,-,
schmal,mittel,Auf der Straße,neu,-,
breit,mittel,Auf der Straße,neu,-,
der Verkehr,schwer,Auf der Straße,neu,-,
die Kurve,schwer,Auf der Straße,neu,-,
die Autobahn,schwer,Auf der Straße,neu,-,
die Hauptstraße,schwer,Auf der Straße,neu,-,
die Landstraße,schwer,Auf der Straße,neu,-,
die Einbahnstraße,schwer,Auf der Straße,neu,-,
das Stoppschild,schwer,Auf der Straße,neu,-,
die Fahrt,schwer,Auf der Straße,neu,-,
der Taxifahrer,schwer,Auf der Straße,neu,-,
der Verkehrspolizist,schwer,Auf der Straße,neu,-,
Gas geben,schwer,Auf der Straße,neu,-,
unvorsichtig,schwer,Auf der Straße,neu,-,
die Umleitung,schwer,Auf der Straße,neu,-,
sich verfahren,schwer,Auf der Straße,neu,-,
der Parkplatz,schwer,Auf der Straße,neu,-,
das Kopfsteinpflaster,schwer,Auf der Straße,neu,-,
holprig,schwer,Auf der Straße,neu,-,
der Kindersitz,leicht,Rund um das Auto,neu,-,
anschnallen,leicht,Rund um das Auto,neu,-,
mitfahren,leicht,Rund um das Auto,neu,-,
der Motor,leicht,Rund um das Auto,neu,-,
die Hupe,leicht,Rund um das Auto,neu,-,
blinken,leicht,Rund um das Auto,neu,-,
die Fahrerin,mittel,Rund um das Auto,neu,-,
vorn,mittel,Rund um das Auto,neu,-,
losfahren,mittel,Rund um das Auto,neu,-,
der Gurt,mittel,Rund um das Auto,neu,-,
der Rücksitz,mittel,Rund um das Auto,neu,-,
hinten,mittel,Rund um das Auto,neu,-,
das Lenkrad,mittel,Rund um das Auto,neu,-,
der Blinker,mittel,Rund um das Auto,neu,-,
der Autoschlüssel,mittel,Rund um das Auto,neu,-,
das Autoradio,mittel,Rund um das Auto,neu,-,
die Antenne,mittel,Rund um das Auto,neu,-,
das Autodach,mittel,Rund um das Auto,neu,-,
der Kofferraum,mittel,Rund um das Auto,neu,-,
das Nummernschild,mittel,Rund um das Auto,neu,-,
der Reifen,mittel,Rund um das Auto,neu,-,
das Blech,mittel,Rund um das Auto,neu,-,
der Kratzer,mittel,Rund um das Auto,neu,-,
die Panne,mittel,Rund um das Auto,neu,-,
der Beifahrer,schwer,Rund um das Auto,neu,-,
das Fahrzeug,schwer,Rund um das Auto,neu,-,
der Sicherheitsgurt,schwer,Rund um das Auto,neu,-,
der Scheinwerfer,schwer,Rund um das Auto,neu,-,
der Rückspiegel,schwer,Rund um das Auto,neu,-,
der Scheibenwischer,schwer,Rund um das Auto,neu,-,
die Kofferraumklappe,schwer,Rund um das Auto,neu,-,
der Verbandskasten,schwer,Rund um das Auto,neu,-,
die Tankstelle,schwer,Rund um das Auto,neu,-,
tanken,schwer,Rund um das Auto,neu,-,
das Benzin,schwer,Rund um das Auto,neu,-,
der Diesel,schwer,Rund um das Auto,neu,-,
der Auspuff,schwer,Rund um das Auto,neu,-,
die Abgase,schwer,Rund um das Auto,neu,-,
glänzend,schwer,Rund um das Auto,neu,-,
gebraucht,schwer,Rund um das Auto,neu,-,
rostig,schwer,Rund um das Auto,neu,-,
reparieren,schwer,Rund um das Auto,neu,-,
der Automechaniker,schwer,Rund um das Auto,neu,-,
die Fahrschule,schwer,Rund um das Auto,neu,-,
der Führerschein,schwer,Rund um das Auto,neu,-,
die Eisenbahn,leicht,Auf der Schiene,neu,-,
der Zug,leicht,Auf der Schiene,neu,-,
der Bahnhof,leicht,Auf der Schiene,neu,-,
die Schiene,leicht,Auf der Schiene,neu,-,
die Straßenbahn,leicht,Auf der Schiene,neu,-,
halten,leicht,Auf der Schiene,neu,-,
einsteigen,leicht,Auf der Schiene,neu,-,
aussteigen,leicht,Auf der Schiene,neu,-,
der ICE,mittel,Auf der Schiene,neu,-,
die U-Bahn,mittel,Auf der Schiene,neu,-,
die S-Bahn,mittel,Auf der Schiene,neu,-,
die Fahrkarte,mittel,Auf der Schiene,neu,-,
die Haltestelle,mittel,Auf der Schiene,neu,-,
der Bahnsteig,mittel,Auf der Schiene,neu,-,
der Ausgang,mittel,Auf der Schiene,neu,-,
das Gleis,mittel,Auf der Schiene,neu,-,
die Lokomotive,mittel,Auf der Schiene,neu,-,
der Waggon,mittel,Auf der Schiene,neu,-,
anhängen,mittel,Auf der Schiene,neu,-,
ziehen,mittel,Auf der Schiene,neu,-,
quietschen,mittel,Auf der Schiene,neu,-,
abfahren,mittel,Auf der Schiene,neu,-,
ankommen,mittel,Auf der Schiene,neu,-,
umsteigen,mittel,Auf der Schiene,neu,-,
die U-Bahn-Station,schwer,Auf der Schiene,neu,-,
die Ansage,schwer,Auf der Schiene,neu,-,
der Lautsprecher,schwer,Auf der Schiene,neu,-,
die Schranke,schwer,Auf der Schiene,neu,-,
das Signal,schwer,Auf der Schiene,neu,-,
die Weiche,schwer,Auf der Schiene,neu,-,
der Fahrkartenautomat,schwer,Auf der Schiene,neu,-,
der Fahrkartenschalter,schwer,Auf der Schiene,neu,-,
das Reisezentrum,schwer,Auf der Schiene,neu,-,
die Auskunft,schwer,Auf der Schiene,neu,-,
der Fahrplan,schwer,Auf der Schiene,neu,-,
pünktlich,schwer,Auf der Schiene,neu,-,
unpünktlich,schwer,Auf der Schiene,neu,-,
die Verspätung,schwer,Auf der Schiene,neu,-,
der Großraumwagen,schwer,Auf der Schiene,neu,-,
der Gang,schwer,Auf der Schiene,neu,-,
das Abteil,schwer,Auf der Schiene,neu,-,
der Sitzplatz,schwer,Auf der Schiene,neu,-,
die Notbremse,schwer,Auf der Schiene,neu,-,
der Fahrgast,schwer,Auf der Schiene,neu,-,
der Zugbegleiter,schwer,Auf der Schiene,neu,-,
der Schaffner,schwer,Auf der Schiene,neu,-,
kontrollieren,schwer,Auf der Schiene,neu,-,
der Lokführer,schwer,Auf der Schiene,neu,-,
der Zugführer,schwer,Auf der Schiene,neu,-,
nah,schwer,Auf der Schiene,neu,-,
das Boot,leicht,Schiffe und Seefahrt,neu,-,
das Schiff,leicht,Schiffe und Seefahrt,neu,-,
der Dampfer,leicht,Schiffe und Seefahrt,neu,-,
der Hafen,leicht,Schiffe und Seefahrt,neu,-,
der Kapitän,leicht,Schiffe und Seefahrt,neu,-,
das Segelboot,mittel,Schiffe und Seefahrt,neu,-,
die Fähre,mittel,Schiffe und Seefahrt,neu,-,
das Ruderboot,mittel,Schiffe und Seefahrt,neu,-,
das Schlauchboot,mittel,Schiffe und Seefahrt,neu,-,
das Rettungsboot,mittel,Schiffe und Seefahrt,neu,-,
das Floß,mittel,Schiffe und Seefahrt,neu,-,
paddeln,mittel,Schiffe und Seefahrt,neu,-,
das Ruder,mittel,Schiffe und Seefahrt,neu,-,
rudern,mittel,Schiffe und Seefahrt,neu,-,
das Segel,mittel,Schiffe und Seefahrt,neu,-,
segeln,mittel,Schiffe und Seefahrt,neu,-,
der Anker,mittel,Schiffe und Seefahrt,neu,-,
schwanken,mittel,Schiffe und Seefahrt,neu,-,
seekrank,mittel,Schiffe und Seefahrt,neu,-,
die Schwimmweste,mittel,Schiffe und Seefahrt,neu,-,
untergehen,mittel,Schiffe und Seefahrt,neu,-,
ertrinken,mittel,Schiffe und Seefahrt,neu,-,
der Matrose,mittel,Schiffe und Seefahrt,neu,-,
der Pirat,mittel,Schiffe und Seefahrt,neu,-,
der Leuchtturm,mittel,Schiffe und Seefahrt,neu,-,
das Motorboot,schwer,Schiffe und Seefahrt,neu,-,
das U-Boot,schwer,Schiffe und Seefahrt,neu,-,
das Kanu,schwer,Schiffe und Seefahrt,neu,-,
der Kanal,schwer,Schiffe und Seefahrt,neu,-,
die Schleuse,schwer,Schiffe und Seefahrt,neu,-,
der Steg,schwer,Schiffe und Seefahrt,neu,-,
anlegen,schwer,Schiffe und Seefahrt,neu,-,
ablegen,schwer,Schiffe und Seefahrt,neu,-,
auslaufen,schwer,Schiffe und Seefahrt,neu,-,
der Kurs,schwer,Schiffe und Seefahrt,neu,-,
das Deck,schwer,Schiffe und Seefahrt,neu,-,
die Flagge,schwer,Schiffe und Seefahrt,neu,-,
die Kabine,schwer,Schiffe und Seefahrt,neu,-,
das Bullauge,schwer,Schiffe und Seefahrt,neu,-,
die Reling,schwer,Schiffe und Seefahrt,neu,-,
die Schiffsschraube,schwer,Schiffe und Seefahrt,neu,-,
der Rettungsring,schwer,Schiffe und Seefahrt,neu,-,
ankern,schwer,Schiffe und Seefahrt,neu,-,
das Leck,schwer,Schiffe und Seefahrt,neu,-,
SOS funken,schwer,Schiffe und Seefahrt,neu,-,
kentern,schwer,Schiffe und Seefahrt,neu,-,
sinken,schwer,Schiffe und Seefahrt,neu,-,
der Seemann,schwer,Schiffe und Seefahrt,neu,-,
der Lotse,schwer,Schiffe und Seefahrt,neu,-,
die Boje,schwer,Schiffe und Seefahrt,neu,-,
die Luft,leicht,Flugzeuge und Flugverkehr,neu,-,
das Flugzeug,leicht,Flugzeuge und Flugverkehr,neu,-,
die Pilotin,leicht,Flugzeuge und Flugverkehr,neu,-,
der Hubschrauber,mittel,Flugzeuge und Flugverkehr,neu,-,
der Ballon,mittel,Flugzeuge und Flugverkehr,neu,-,
der Flughafen,mittel,Flugzeuge und Flugverkehr,neu,-,
starten,mittel,Flugzeuge und Flugverkehr,neu,-,
der Start,mittel,Flugzeuge und Flugverkehr,neu,-,
abfliegen,mittel,Flugzeuge und Flugverkehr,neu,-,
landen,mittel,Flugzeuge und Flugverkehr,neu,-,
die Landung,mittel,Flugzeuge und Flugverkehr,neu,-,
der Fallschirm,mittel,Flugzeuge und Flugverkehr,neu,-,
das Düsenflugzeug,schwer,Flugzeuge und Flugverkehr,neu,-,
das Segelflugzeug,schwer,Flugzeuge und Flugverkehr,neu,-,
der Heißluftballon,schwer,Flugzeuge und Flugverkehr,neu,-,
gleiten,schwer,Flugzeuge und Flugverkehr,neu,-,
der Kontrollturm,schwer,Flugzeuge und Flugverkehr,neu,-,
die Startbahn,schwer,Flugzeuge und Flugverkehr,neu,-,
die Landebahn,schwer,Flugzeuge und Flugverkehr,neu,-,
das Rollfeld,schwer,Flugzeuge und Flugverkehr,neu,-,
der Radarschirm,schwer,Flugzeuge und Flugverkehr,neu,-,
die Sicherheitskontrolle,schwer,Flugzeuge und Flugverkehr,neu,-,
das Cockpit,schwer,Flugzeuge und Flugverkehr,neu,-,
der Propeller,schwer,Flugzeuge und Flugverkehr,neu,-,
der Rumpf,schwer,Flugzeuge und Flugverkehr,neu,-,
die Tragfläche,schwer,Flugzeuge und Flugverkehr,neu,-,
das Fahrwerk,schwer,Flugzeuge und Flugverkehr,neu,-,
der Abflug,schwer,Flugzeuge und Flugverkehr,neu,-,
der Tank,schwer,Flugzeuge und Flugverkehr,neu,-,
der Treibstoff,schwer,Flugzeuge und Flugverkehr,neu,-,
die Flugangst,schwer,Flugzeuge und Flugverkehr,neu,-,
abstürzen,schwer,Flugzeuge und Flugverkehr,neu,-,
der Kopilot,schwer,Flugzeuge und Flugverkehr,neu,-,
der Flugbegleiter,schwer,Flugzeuge und Flugverkehr,neu,-,
der Passagier,schwer,Flugzeuge und Flugverkehr,neu,-,
das Flugticket,schwer,Flugzeuge und Flugverkehr,neu,-,
bringen,leicht,Große Lasten transportieren,neu,-,
holen,leicht,Große Lasten transportieren,neu,-,
der Laster,leicht,Große Lasten transportieren,neu,-,
der Sack,leicht,Große Lasten transportieren,neu,-,
die Kiste,leicht,Große Lasten transportieren,neu,-,
heben,leicht,Große Lasten transportieren,neu,-,
stapeln,leicht,Große Lasten transportieren,neu,-,
schwer,leicht,Große Lasten transportieren,neu,-,
leicht,leicht,Große Lasten transportieren,neu,-,
der Lastwagen,mittel,Große Lasten transportieren,neu,-,
der Güterzug,mittel,Große Lasten transportieren,neu,-,
der Tanker,mittel,Große Lasten transportieren,neu,-,
ausladen,mittel,Große Lasten transportieren,neu,-,
hochheben,mittel,Große Lasten transportieren,neu,-,
festbinden,mittel,Große Lasten transportieren,neu,-,
festschrauben,mittel,Große Lasten transportieren,neu,-,
liefern,mittel,Große Lasten transportieren,neu,-,
transportieren,schwer,Große Lasten transportieren,neu,-,
der Transport,schwer,Große Lasten transportieren,neu,-,
der Lkw,schwer,Große Lasten transportieren,neu,-,
der Lieferwagen,schwer,Große Lasten transportieren,neu,-,
der Abschleppwagen,schwer,Große Lasten transportieren,neu,-,
der Tanklastwagen,schwer,Große Lasten transportieren,neu,-,
der Frachter,schwer,Große Lasten transportieren,neu,-,
der Laderaum,schwer,Große Lasten transportieren,neu,-,
die Ladung,schwer,Große Lasten transportieren,neu,-,
der Container,schwer,Große Lasten transportieren,neu,-,
die Luftpost,schwer,Große Lasten transportieren,neu,-,
lagern,schwer,Große Lasten transportieren,neu,-,
die Palette,schwer,Große Lasten transportieren,neu,-,
der Gabelstapler,schwer,Große Lasten transportieren,neu,-,
beladen,schwer,Große Lasten transportieren,neu,-,
aufladen,schwer,Große Lasten transportieren,neu,-,
verrutschen,schwer,Große Lasten transportieren,neu,-,
umkippen,schwer,Große Lasten transportieren,neu,-,
abladen,schwer,Große Lasten transportieren,neu,-,
abliefern,schwer,Große Lasten transportieren,neu,-,
der Zoll,schwer,Große Lasten transportieren,neu,-,
der Himmel,leicht,Wie ist das Wetter heute?,neu,-,
die Sonne,leicht,Wie ist das Wetter heute?,neu,-,
scheinen,leicht,Wie ist das Wetter heute?,neu,-,
die Wolke,leicht,Wie ist das Wetter heute?,neu,-,
der Regen,leicht,Wie ist das Wetter heute?,neu,-,
regnen,leicht,Wie ist das Wetter heute?,neu,-,
der Blitz,leicht,Wie ist das Wetter heute?,neu,-,
der Donner,leicht,Wie ist das Wetter heute?,neu,-,
der Schnee,leicht,Wie ist das Wetter heute?,neu,-,
schneien,leicht,Wie ist das Wetter heute?,neu,-,
der Wind,leicht,Wie ist das Wetter heute?,neu,-,
blasen,leicht,Wie ist das Wetter heute?,neu,-,
der Regenbogen,mittel,Wie ist das Wetter heute?,neu,-,
der Regentropfen,mittel,Wie ist das Wetter heute?,neu,-,
der Hagel,mittel,Wie ist das Wetter heute?,neu,-,
hageln,mittel,Wie ist das Wetter heute?,neu,-,
der Nebel,mittel,Wie ist das Wetter heute?,neu,-,
blitzen,mittel,Wie ist das Wetter heute?,neu,-,
donnern,mittel,Wie ist das Wetter heute?,neu,-,
das Gewitter,mittel,Wie ist das Wetter heute?,neu,-,
die Schneeflocke,mittel,Wie ist das Wetter heute?,neu,-,
zufrieren,mittel,Wie ist das Wetter heute?,neu,-,
der Eiszapfen,mittel,Wie ist das Wetter heute?,neu,-,
schmelzen,mittel,Wie ist das Wetter heute?,neu,-,
matschig,mittel,Wie ist das Wetter heute?,neu,-,
der Sturm,mittel,Wie ist das Wetter heute?,neu,-,
grau,mittel,Wie ist das Wetter heute?,neu,-,
der Sonnenschein,schwer,Wie ist das Wetter heute?,neu,-,
blenden,schwer,Wie ist das Wetter heute?,neu,-,
aufgehen,schwer,Wie ist das Wetter heute?,neu,-,
nieseln,schwer,Wie ist das Wetter heute?,neu,-,
der Tau,schwer,Wie ist das Wetter heute?,neu,-,
der Blitzschlag,schwer,Wie ist das Wetter heute?,neu,-,
krachen,schwer,Wie ist das Wetter heute?,neu,-,
einschlagen,schwer,Wie ist das Wetter heute?,neu,-,
der Frost,schwer,Wie ist das Wetter heute?,neu,-,
der Raureif,schwer,Wie ist das Wetter heute?,neu,-,
Es friert.,schwer,Wie ist das Wetter heute?,neu,-,
tauen,schwer,Wie ist das Wetter heute?,neu,-,
windstill,schwer,Wie ist das Wetter heute?,neu,-,
der Windstoß,schwer,Wie ist das Wetter heute?,neu,-,
wehen,schwer,Wie ist das Wetter heute?,neu,-,
stürmen,schwer,Wie ist das Wetter heute?,neu,-,
pfeifen,schwer,Wie ist das Wetter heute?,neu,-,
das Wetter,leicht,Der Wetterbericht,neu,-,
der Wetterbericht,mittel,Der Wetterbericht,neu,-,
die Wetterkarte,mittel,Der Wetterbericht,neu,-,
der Regenschirm,mittel,Der Wetterbericht,neu,-,
sonnig,mittel,Der Wetterbericht,neu,-,
kühl,mittel,Der Wetterbericht,neu,-,
windig,mittel,Der Wetterbericht,neu,-,
stürmisch,mittel,Der Wetterbericht,neu,-,
die Wettervorhersage,schwer,Der Wetterbericht,neu,-,
ungefähr,schwer,Der Wetterbericht,neu,-,
voraussagen,schwer,Der Wetterbericht,neu,-,
vorhersagen,schwer,Der Wetterbericht,neu,-,
die Wetterstation,schwer,Der Wetterbericht,neu,-,
die Temperatur,schwer,Der Wetterbericht,neu,-,
die Hitze,schwer,Der Wetterbericht,neu,-,
die Kälte,schwer,Der Wetterbericht,neu,-,
das Thermometer,schwer,Der Wetterbericht,neu,-,
fallen,schwer,Der Wetterbericht,neu,-,
ablesen,schwer,Der Wetterbericht,neu,-,
im Schatten,schwer,Der Wetterbericht,neu,-,
der Regenschauer,schwer,Der Wetterbericht,neu,-,
der Wolkenbruch,schwer,Der Wetterbericht,neu,-,
die Nässe,schwer,Der Wetterbericht,neu,-,
regnerisch,schwer,Der Wetterbericht,neu,-,
schwül,schwer,Der Wetterbericht,neu,-,
wolkig,schwer,Der Wetterbericht,neu,-,
bedeckt,schwer,Der Wetterbericht,neu,-,
bewölkt,schwer,Der Wetterbericht,neu,-,
neblig,schwer,Der Wetterbericht,neu,-,
das Glatteis,schwer,Der Wetterbericht,neu,-,
die Windstärke,schwer,Der Wetterbericht,neu,-,
die Windrichtung,schwer,Der Wetterbericht,neu,-,
der Orkan,schwer,Der Wetterbericht,neu,-,
der Wirbelsturm,schwer,Der Wetterbericht,neu,-,
der Sturmschaden,schwer,Der Wetterbericht,neu,-,
das Jahr,leicht,Die Jahreszeiten,neu,-,
der Frühling,leicht,Die Jahreszeiten,neu,-,
der Sommer,leicht,Die Jahreszeiten,neu,-,
baden gehen,leicht,Die Jahreszeiten,neu,-,
der Herbst,leicht,Die Jahreszeiten,neu,-,
der Winter,leicht,Die Jahreszeiten,neu,-,
Schlitten fahren,leicht,Die Jahreszeiten,neu,-,
wärmer werden,mittel,Die Jahreszeiten,neu,-,
die Bäume blühen,mittel,Die Jahreszeiten,neu,-,
Blumen pflücken,mittel,Die Jahreszeiten,neu,-,
die Vögel zwitschern,mittel,Die Jahreszeiten,neu,-,
Urlaub machen,mittel,Die Jahreszeiten,neu,-,
kälter werden,mittel,Die Jahreszeiten,neu,-,
Drachen steigen lassen,mittel,Die Jahreszeiten,neu,-,
Kastanien sammeln,mittel,Die Jahreszeiten,neu,-,
rodeln,mittel,Die Jahreszeiten,neu,-,
Schlittschuh laufen,mittel,Die Jahreszeiten,neu,-,
schlittern,mittel,Die Jahreszeiten,neu,-,
der Schneemann,mittel,Die Jahreszeiten,neu,-,
Schneeball werfen,mittel,Die Jahreszeiten,neu,-,
wieder,mittel,Die Jahreszeiten,neu,-,
der Kalender,schwer,Die Jahreszeiten,neu,-,
die Jahreszeit,schwer,Die Jahreszeiten,neu,-,
der Monat,schwer,Die Jahreszeiten,neu,-,
der Januar,schwer,Die Jahreszeiten,neu,-,
der Februar,schwer,Die Jahreszeiten,neu,-,
der März,schwer,Die Jahreszeiten,neu,-,
der April,schwer,Die Jahreszeiten,neu,-,
der Mai,schwer,Die Jahreszeiten,neu,-,
der Juni,schwer,Die Jahreszeiten,neu,-,
der Juli,schwer,Die Jahreszeiten,neu,-,
der August,schwer,Die Jahreszeiten,neu,-,
der September,schwer,Die Jahreszeiten,neu,-,
der Oktober,schwer,Die Jahreszeiten,neu,-,
der November,schwer,Die Jahreszeiten,neu,-,
der Dezember,schwer,Die Jahreszeiten,neu,-,
der Tag,leicht,Die Zeit,neu,-,
die Nacht,leicht,Die Zeit,neu,-,
der Morgen,leicht,Die Zeit,neu,-,
der Mittag,leicht,Die Zeit,neu,-,
der Abend,leicht,Die Zeit,neu,-,
früh,leicht,Die Zeit,neu,-,
spät,leicht,Die Zeit,neu,-,
dann,leicht,Die Zeit,neu,-,
da,leicht,Die Zeit,neu,-,
die Zeit,mittel,Die Zeit,neu,-,
die Uhr,mittel,Die Zeit,neu,-,
morgens,mittel,Die Zeit,neu,-,
aufstehen,mittel,Die Zeit,neu,-,
wach werden,mittel,Die Zeit,neu,-,
mittags,mittel,Die Zeit,neu,-,
abends,mittel,Die Zeit,neu,-,
nachts,mittel,Die Zeit,neu,-,
am Tag,mittel,Die Zeit,neu,-,
heute,mittel,Die Zeit,neu,-,
gestern,mittel,Die Zeit,neu,-,
morgen,mittel,Die Zeit,neu,-,
später,mittel,Die Zeit,neu,-,
früher,mittel,Die Zeit,neu,-,
sofort,mittel,Die Zeit,neu,-,
jetzt,mittel,Die Zeit,neu,-,
bald,mittel,Die Zeit,neu,-,
bis,mittel,Die Zeit,neu,-,
nach,mittel,Die Zeit,neu,-,
nie,mittel,Die Zeit,neu,-,
der Uhrzeiger,schwer,Die Zeit,neu,-,
der große Zeiger,schwer,Die Zeit,neu,-,
der kleine Zeiger,schwer,Die Zeit,neu,-,
die Stunde,schwer,Die Zeit,neu,-,
die Minute,schwer,Die Zeit,neu,-,
die Sekunde,schwer,Die Zeit,neu,-,
um zwei,schwer,Die Zeit,neu,-,
halb vier,schwer,Die Zeit,neu,-,
die Woche,schwer,Die Zeit,neu,-,
der Montag,schwer,Die Zeit,neu,-,
der Dienstag,schwer,Die Zeit,neu,-,
der Mittwoch,schwer,Die Zeit,neu,-,
der Donnerstag,schwer,Die Zeit,neu,-,
der Freitag,schwer,Die Zeit,neu,-,
der Samstag,schwer,Die Zeit,neu,-,
der Sonntag,schwer,Die Zeit,neu,-,
das Wochenende,schwer,Die Zeit,neu,-,
der Feiertag,schwer,Die Zeit,neu,-,
das Datum,schwer,Die Zeit,neu,-,
nachher,schwer,Die Zeit,neu,-,
vorher,schwer,Die Zeit,neu,-,
seit,schwer,Die Zeit,neu,-,
manchmal,schwer,Die Zeit,neu,-,
häufig,schwer,Die Zeit,neu,-,
das Land,leicht,In einem anderen Land,neu,-,
woanders,leicht,In einem anderen Land,neu,-,
die Reise,leicht,In einem anderen Land,neu,-,
das Heimweh,mittel,In einem anderen Land,neu,-,
andere Feste,mittel,In einem anderen Land,neu,-,
anderes Essen,mittel,In einem anderen Land,neu,-,
der Mensch,mittel,In einem anderen Land,neu,-,
komisch,mittel,In einem anderen Land,neu,-,
weggehen,mittel,In einem anderen Land,neu,-,
die Landschaft,schwer,In einem anderen Land,neu,-,
die Gegend,schwer,In einem anderen Land,neu,-,
das Volk,schwer,In einem anderen Land,neu,-,
eine andere Religion,schwer,In einem anderen Land,neu,-,
fremd sein,schwer,In einem anderen Land,neu,-,
gewohnt sein,schwer,In einem anderen Land,neu,-,
gewöhnlich,schwer,In einem anderen Land,neu,-,
ungewöhnlich,schwer,In einem anderen Land,neu,-,
offen,schwer,In einem anderen Land,neu,-,
höflich,schwer,In einem anderen Land,neu,-,
herzlich,schwer,In einem anderen Land,neu,-,
empfangen,schwer,In einem anderen Land,neu,-,
verstehen,schwer,In einem anderen Land,neu,-,
eine andere Sprache,schwer,In einem anderen Land,neu,-,
das Wörterbuch,schwer,In einem anderen Land,neu,-,
das Ausland,schwer,In einem anderen Land,neu,-,
das Aussehen,schwer,In einem anderen Land,neu,-,
der/die Einheimische,schwer,In einem anderen Land,neu,-,
die Regierung,schwer,In einem anderen Land,neu,-,
der Staat,schwer,In einem anderen Land,neu,-,
der Krieg,schwer,In einem anderen Land,neu,-,
der Frieden,schwer,In einem anderen Land,neu,-,
der Mond,leicht,Die Erde und das Weltall,neu,-,
der Stern,leicht,Die Erde und das Weltall,neu,-,
das Weltall,mittel,Die Erde und das Weltall,neu,-,
der Planet,mittel,Die Erde und das Weltall,neu,-,
die Kugel,mittel,Die Erde und das Weltall,neu,-,
der Vollmond,mittel,Die Erde und das Weltall,neu,-,
der Weltraum,mittel,Die Erde und das Weltall,neu,-,
das Raumschiff,mittel,Die Erde und das Weltall,neu,-,
die Rakete,mittel,Die Erde und das Weltall,neu,-,
der Norden,mittel,Die Erde und das Weltall,neu,-,
der Süden,mittel,Die Erde und das Weltall,neu,-,
der Westen,mittel,Die Erde und das Weltall,neu,-,
der Osten,mittel,Die Erde und das Weltall,neu,-,
die Insel,mittel,Die Erde und das Weltall,neu,-,
der Dschungel,mittel,Die Erde und das Weltall,neu,-,
der Urwald,mittel,Die Erde und das Weltall,neu,-,
die Wüste,mittel,Die Erde und das Weltall,neu,-,
der Vulkan,mittel,Die Erde und das Weltall,neu,-,
die Milchstraße,schwer,Die Erde und das Weltall,neu,-,
der Komet,schwer,Die Erde und das Weltall,neu,-,
das Sternbild,schwer,Die Erde und das Weltall,neu,-,
das Sternzeichen,schwer,Die Erde und das Weltall,neu,-,
das Teleskop,schwer,Die Erde und das Weltall,neu,-,
die Sonnenfinsternis,schwer,Die Erde und das Weltall,neu,-,
der Satellit,schwer,Die Erde und das Weltall,neu,-,
die Raumstation,schwer,Die Erde und das Weltall,neu,-,
der Astronaut,schwer,Die Erde und das Weltall,neu,-,
der Raumanzug,schwer,Die Erde und das Weltall,neu,-,
schwerelos,schwer,Die Erde und das Weltall,neu,-,
der Globus,schwer,Die Erde und das Weltall,neu,-,
der Erdteil,schwer,Die Erde und das Weltall,neu,-,
Europa,schwer,Die Erde und das Weltall,neu,-,
Amerika,schwer,Die Erde und das Weltall,neu,-,
Afrika,schwer,Die Erde und das Weltall,neu,-,
Asien,schwer,Die Erde und das Weltall,neu,-,
Australien,schwer,Die Erde und das Weltall,neu,-,
der Ozean,schwer,Die Erde und das Weltall,neu,-,
der Nordpol,schwer,Die Erde und das Weltall,neu,-,
der Südpol,schwer,Die Erde und das Weltall,neu,-,
der Kompass,schwer,Die Erde und das Weltall,neu,-,
das Klima,schwer,Die Erde und das Weltall,neu,-,
das Erdbeben,schwer,Die Erde und das Weltall,neu,-,
die Katastrophe,schwer,Die Erde und das Weltall,neu,-,
hier,leicht,Drunter und drüber,neu,-,
unter,leicht,Drunter und drüber,neu,-,
an,leicht,Drunter und drüber,neu,-,
bei,leicht,Drunter und drüber,neu,-,
ohne,leicht,Drunter und drüber,neu,-,
für,leicht,Drunter und drüber,neu,-,
dort,mittel,Drunter und drüber,neu,-,
von,mittel,Drunter und drüber,neu,-,
zu,mittel,Drunter und drüber,neu,-,
durch,mittel,Drunter und drüber,neu,-,
gegen,mittel,Drunter und drüber,neu,-,
um,mittel,Drunter und drüber,neu,-,
ab,mittel,Drunter und drüber,neu,-,
vor,mittel,Drunter und drüber,neu,-,
hinter,mittel,Drunter und drüber,neu,-,
aus,mittel,Drunter und drüber,neu,-,
über,mittel,Drunter und drüber,neu,-,
unten,mittel,Drunter und drüber,neu,-,
oben,mittel,Drunter und drüber,neu,-,
draußen,mittel,Drunter und drüber,neu,-,
drinnen,mittel,Drunter und drüber,neu,-,
vorne,mittel,Drunter und drüber,neu,-,
an der Seite,mittel,Drunter und drüber,neu,-,
am Rand,mittel,Drunter und drüber,neu,-,
in der Mitte,mittel,Drunter und drüber,neu,-,
auf der Stelle,mittel,Drunter und drüber,neu,-,
eben,schwer,Drunter und drüber,neu,-,
nirgends,schwer,Drunter und drüber,neu,-,
überall,schwer,Drunter und drüber,neu,-,
durcheinander,schwer,Drunter und drüber,neu,-,
an dem Ort,schwer,Drunter und drüber,neu,-,
vier,schwer,Drunter und drüber,neu,-,
fünf,schwer,Drunter und drüber,neu,-,
sechs,schwer,Drunter und drüber,neu,-,
acht,schwer,Drunter und drüber,neu,-,
neun,schwer,Drunter und drüber,neu,-,
zehn,schwer,Drunter und drüber,neu,-,
